date,MktRF,SMB,HML,RF,RMW,CMA,MOM,IA,ROE,EG
1926-07,0.028900000000000002,-0.0242,-0.0275,0.0022,,,,,,
1926-08,0.0264,-0.0144,0.041299999999999996,0.0025,,,,,,
1926-09,0.0038,-0.013600000000000001,0.0005,0.0023,,,,,,
1926-10,-0.0327,-0.0018,0.0078000000000000005,0.0032,,,,,,
1926-11,0.0254,-0.0017000000000000001,-0.0048,0.0031,,,,,,
1926-12,0.0262,-0.0006,0.001,0.0028000000000000004,,,,,,
1927-01,-0.0005,-0.004699999999999999,0.047599999999999996,0.0025,,,0.005699999999999999,,,
1927-02,0.0417,-0.0023,0.0304,0.0026,,,-0.0151,,,
1927-03,0.0014000000000000002,-0.020099999999999996,-0.0232,0.003,,,0.0352,,,
1927-04,0.004699999999999999,0.0054,0.0062,0.0025,,,0.0435,,,
1927-05,0.0545,0.0149,0.0504,0.003,,,0.0278,,,
1927-06,-0.023799999999999998,0.0042,-0.015300000000000001,0.0026,,,0.0054,,,
1927-07,0.0726,-0.0327,-0.0113,0.003,,,0.0417,,,
1927-08,0.0199,-0.0077,-0.0385,0.0028000000000000004,,,0.013600000000000001,,,
1927-09,0.04769999999999999,-0.036000000000000004,-0.005699999999999999,0.0021,,,0.0194,,,
1927-10,-0.0429,0.0203,-0.0447,0.0025,,,-0.009000000000000001,,,
1927-11,0.0652,0.0278,-0.0008,0.0021,,,-0.0023,,,
1927-12,0.0209,0.0098,-0.011200000000000002,0.0022,,,0.0311,,,
1928-01,-0.005699999999999999,0.042,-0.0070999999999999995,0.0025,,,-0.0045000000000000005,,,
1928-02,-0.0169,-0.0206,-0.0064,0.0033,,,-0.010700000000000001,,,
1928-03,0.08789999999999999,-0.0038,-0.0111,0.0029,,,0.0475,,,
1928-04,0.0425,0.0414,0.0325,0.0022,,,-0.058499999999999996,,,
1928-05,0.0152,0.027000000000000003,-0.03,0.0032,,,0.0264,,,
1928-06,-0.049,-0.037599999999999995,0.0028000000000000004,0.0031,,,0.0169,,,
1928-07,0.0063,-0.013600000000000001,-0.0054,0.0032,,,0.0254,,,
1928-08,0.0669,-0.0204,-0.0213,0.0032,,,0.0368,,,
1928-09,0.0287,0.024,0.0084,0.0027,,,0.0349,,,
1928-10,0.0131,0.022400000000000003,-0.021400000000000002,0.0040999999999999995,,,0.051699999999999996,,,
1928-11,0.1182,-0.0182,0.0265,0.0038,,,0.0187,,,
1928-12,0.004,-0.009300000000000001,-0.0052,0.0006,,,0.0144,,,
1929-01,0.0466,-0.0335,-0.012199999999999999,0.0034000000000000002,,,0.024300000000000002,,,
1929-02,-0.0034000000000000002,-0.0033,0.0166,0.0036,,,0.030699999999999998,,,
1929-03,-0.0085,-0.049100000000000005,0.015700000000000002,0.0034000000000000002,,,-0.0062,,,
1929-04,0.0147,-0.011200000000000002,0.009300000000000001,0.0036,,,0.0207,,,
1929-05,-0.0638,-0.054400000000000004,-0.0152,0.0044,,,-0.0219,,,
1929-06,0.09699999999999999,-0.021400000000000002,-0.0274,0.0052,,,0.08310000000000001,,,
1929-07,0.044800000000000006,-0.0387,0.026699999999999998,0.0033,,,0.0296,,,
1929-08,0.0814,-0.0975,0.0032,0.004,,,0.044000000000000004,,,
1929-09,-0.0545,0.0134,-0.0079,0.0034999999999999996,,,0.0296,,,
1929-10,-0.2007,-0.0495,0.0754,0.0046,,,0.024399999999999998,,,
1929-11,-0.12869999999999998,-0.0088,0.050499999999999996,0.0037,,,-0.0204,,,
1929-12,0.0128,-0.040999999999999995,-0.0014000000000000002,0.0037,,,0.0542,,,
1930-01,0.056100000000000004,0.0349,-0.0103,0.0014000000000000002,,,-0.0546,,,
1930-02,0.025,0.0028000000000000004,0.0028000000000000004,0.003,,,0.011200000000000002,,,
1930-03,0.0709,0.0339,0.003,0.0034999999999999996,,,-0.042300000000000004,,,
1930-04,-0.020499999999999997,-0.0034999999999999996,-0.0037,0.0021,,,0.041299999999999996,,,
1930-05,-0.0166,-0.021,-0.0074,0.0026,,,-0.0076,,,
1930-06,-0.16079999999999997,-0.0359,0.024,0.0027,,,0.0584,,,
1930-07,0.0412,-0.0027,-0.017,0.002,,,-0.021400000000000002,,,
1930-08,0.003,-0.0216,-0.0059,0.0009,,,0.0387,,,
1930-09,-0.1281,-0.0241,-0.0509,0.0022,,,0.1159,,,
1930-10,-0.08779999999999999,-0.002,-0.0109,0.0009,,,0.06280000000000001,,,
1930-11,-0.0304,0.0246,-0.0381,0.0013,,,-0.0134,,,
1930-12,-0.0786,-0.0467,-0.056900000000000006,0.0014000000000000002,,,0.1251,,,
1931-01,0.0625,0.0347,0.0824,0.0015,,,-0.111,,,
1931-02,0.10880000000000001,0.0345,0.0163,0.0004,,,-0.1358,,,
1931-03,-0.0635,0.028300000000000002,-0.032,0.0013,,,0.0971,,,
1931-04,-0.1,-0.042199999999999994,-0.0433,0.0008,,,0.1097,,,
1931-05,-0.1329,0.052199999999999996,-0.06309999999999999,0.0009,,,0.0922,,,
1931-06,0.1393,-0.0501,0.11699999999999999,0.0008,,,-0.1754,,,
1931-07,-0.0663,0.015600000000000001,-0.023,0.0006,,,0.0837,,,
1931-08,0.004,-0.020499999999999997,-0.0176,0.0003,,,-0.0332,,,
1931-09,-0.2874,-0.0108,-0.0713,0.0003,,,0.09300000000000001,,,
1931-10,0.0799,-0.0014000000000000002,0.0288,0.001,,,0.028999999999999998,,,
1931-11,-0.09140000000000001,0.0441,-0.0521,0.0017000000000000001,,,0.0803,,,
1931-12,-0.1352,-0.0075,-0.09390000000000001,0.0012,,,0.1292,,,
1932-01,-0.015700000000000002,0.0433,0.0986,0.0023,,,-0.09939999999999999,,,
1932-02,0.0545,-0.026000000000000002,-0.0132,0.0023,,,0.0148,,,
1932-03,-0.113,0.022099999999999998,-0.0233,0.0016,,,0.10039999999999999,,,
1932-04,-0.1794,0.0098,0.019799999999999998,0.0011,,,0.0765,,,
1932-05,-0.2051,0.0441,-0.044199999999999996,0.0006,,,0.12539999999999998,,,
1932-06,-0.0077,0.0027,0.060700000000000004,0.0002,,,0.0192,,,
1932-07,0.3361,-0.0429,0.3552,0.0002,,,-0.45630000000000004,,,
1932-08,0.3712,0.1346,0.342,0.0003,,,-0.5261,,,
1932-09,-0.0294,-0.0215,-0.0737,0.0003,,,0.0246,,,
1932-10,-0.1315,-0.0259,-0.1047,0.0002,,,0.0462,,,
1932-11,-0.0588,0.0183,-0.1319,0.0002,,,-0.0096,,,
1932-12,0.044199999999999996,-0.083,-0.0754,0.0001,,,0.0464,,,
1933-01,0.0124,0.0073,0.0646,0.0001,,,-0.024399999999999998,,,
1933-02,-0.15289999999999998,-0.0263,-0.0292,-0.0003,,,0.046,,,
1933-03,0.030600000000000002,0.036000000000000004,0.0709,0.0004,,,0.0424,,,
1933-04,0.3881,0.0302,0.201,0.001,,,-0.1705,,,
1933-05,0.2143,0.35960000000000003,0.1866,0.0004,,,-0.0554,,,
1933-06,0.131,0.08650000000000001,-0.016399999999999998,0.0002,,,0.0425,,,
1933-07,-0.0964,-0.0106,0.033,0.0002,,,-0.0034999999999999996,,,
1933-08,0.1204,-0.0516,0.0305,0.0003,,,0.0754,,,
1933-09,-0.1065,-0.0058,-0.11710000000000001,0.0002,,,0.016399999999999998,,,
1933-10,-0.0836,-0.0007000000000000001,-0.0849,0.0001,,,-0.0213,,,
1933-11,0.09970000000000001,-0.0637,0.0227,0.0002,,,0.0646,,,
1933-12,0.0182,0.0036,-0.0199,0.0002,,,0.0401,,,
1934-01,0.126,0.1321,0.162,0.0005,,,-0.0348,,,
1934-02,-0.025099999999999997,0.050499999999999996,0.018600000000000002,0.0002,,,0.0009,,,
1934-03,0.0009,0.0245,-0.0259,0.0002,,,-0.0067,,,
1934-04,-0.0179,0.0273,-0.0383,0.0001,,,-0.0481,,,
1934-05,-0.0726,-0.0031,-0.059000000000000004,0.0001,,,-0.0239,,,
1934-06,0.0271,-0.0218,-0.0285,0.0001,,,-0.0079,,,
1934-07,-0.1094,-0.0712,-0.1076,0.0001,,,0.08800000000000001,,,
1934-08,0.0558,0.0555,0.0017000000000000001,0.0001,,,0.0256,,,
1934-09,-0.0024,-0.015,-0.0121,0.0001,,,-0.0006,,,
1934-10,-0.0166,0.0123,-0.05,0.0001,,,0.0688,,,
1934-11,0.0833,0.066,-0.021400000000000002,0.0001,,,0.0377,,,
1934-12,0.0036,0.032799999999999996,-0.0316,0.0001,,,0.0453,,,
1935-01,-0.0346,0.0096,-0.0177,0.0001,,,0.031,,,
1935-02,-0.0196,0.0032,-0.0748,0.0002,,,0.1446,,,
1935-03,-0.0371,-0.034300000000000004,-0.050300000000000004,0.0001,,,0.023700000000000002,,,
1935-04,0.0906,-0.0158,0.0437,0.0001,,,-0.0475,,,
1935-05,0.0346,-0.032,0.0245,0.0001,,,-0.0359,,,
1935-06,0.0593,-0.0253,-0.0152,0.0001,,,0.026600000000000002,,,
1935-07,0.0754,0.0202,0.0658,0.0001,,,-0.0479,,,
1935-08,0.0265,0.0601,0.0629,0.0001,,,-0.0646,,,
1935-09,0.0262,0.0155,-0.0412,0.0001,,,0.08310000000000001,,,
1935-10,0.0703,0.026699999999999998,-0.0233,0.0001,,,0.0182,,,
1935-11,0.0487,0.04650000000000001,0.122,0.0002,,,-0.07139999999999999,,,
1935-12,0.0455,0.0009,0.0083,0.0001,,,0.037000000000000005,,,
1936-01,0.0689,0.055999999999999994,0.10949999999999999,0.0001,,,-0.029500000000000002,,,
1936-02,0.024900000000000002,0.0084,0.0433,0.0001,,,0.0253,,,
1936-03,0.0096,0.0069,-0.0159,0.0002,,,0.0163,,,
1936-04,-0.0814,-0.0599,-0.022799999999999997,0.0002,,,-0.0767,,,
1936-05,0.0519,0.0089,0.0255,0.0002,,,0.025,,,
1936-06,0.024,-0.0322,-0.011899999999999999,0.0003,,,0.005600000000000001,,,
1936-07,0.0668,0.010700000000000001,0.0253,0.0001,,,0.024900000000000002,,,
1936-08,0.009899999999999999,0.0060999999999999995,0.0379,0.0002,,,0.006,,,
1936-09,0.0097,0.031200000000000002,0.009399999999999999,0.0001,,,0.0141,,,
1936-10,0.071,-0.0235,0.025099999999999997,0.0002,,,0.011200000000000002,,,
1936-11,0.0326,0.087,-0.0125,0.0001,,,0.0204,,,
1936-12,0.002,0.0387,0.0414,0.0,,,0.0213,,,
1937-01,0.0335,0.0449,0.0278,0.0001,,,-0.0194,,,
1937-02,0.0108,0.0064,0.042800000000000005,0.0002,,,0.027200000000000002,,,
1937-03,-0.0026,-0.0125,0.0704,0.0001,,,0.0333,,,
1937-04,-0.0736,-0.037200000000000004,-0.0346,0.0003,,,-0.0354,,,
1937-05,-0.0083,-0.0069,-0.0346,0.0006,,,0.005699999999999999,,,
1937-06,-0.042300000000000004,-0.0391,-0.031200000000000002,0.0003,,,0.0078000000000000005,,,
1937-07,0.0891,0.0088,0.008100000000000001,0.0003,,,-0.0045000000000000005,,,
1937-08,-0.048799999999999996,0.0045000000000000005,-0.0225,0.0002,,,-0.018600000000000002,,,
1937-09,-0.1362,-0.07,-0.0455,0.0004,,,-0.0681,,,
1937-10,-0.0959,0.0045000000000000005,-0.0152,0.0002,,,-0.0146,,,
1937-11,-0.0833,-0.0356,0.0022,0.0002,,,-0.0132,,,
1937-12,-0.0429,-0.07919999999999999,-0.004699999999999999,0.0,,,0.048499999999999995,,,
1938-01,0.0048,0.0484,-0.015300000000000001,0.0,,,-0.0174,,,
1938-02,0.058499999999999996,0.0040999999999999995,-0.0197,0.0,,,-0.028399999999999998,,,
1938-03,-0.2391,-0.043,-0.0363,-0.0001,,,0.1578,,,
1938-04,0.1448,0.064,0.0045000000000000005,0.0001,,,-0.09849999999999999,,,
1938-05,-0.038599999999999995,-0.024700000000000003,-0.0024,0.0,,,0.0698,,,
1938-06,0.2389,0.042199999999999994,0.0037,0.0,,,-0.2487,,,
1938-07,0.0733,0.0669,0.022799999999999997,-0.0001,,,-0.0677,,,
1938-08,-0.0268,-0.0248,-0.0478,0.0,,,0.0349,,,
1938-09,0.0083,-0.0268,-0.017,0.0002,,,0.0242,,,
1938-10,0.078,0.0581,0.0504,0.0001,,,-0.0753,,,
1938-11,-0.0174,-0.0255,-0.012,-0.0006,,,0.0332,,,
1938-12,0.0416,-0.0181,0.0054,0.0,,,0.0231,,,
1939-01,-0.059699999999999996,-0.0154,-0.0392,-0.0001,,,-0.029900000000000003,,,
1939-02,0.0351,0.0060999999999999995,0.0292,0.0001,,,0.031200000000000002,,,
1939-03,-0.12029999999999999,-0.0475,-0.0827,-0.0001,,,-0.018600000000000002,,,
1939-04,-0.0018,0.0167,-0.003,0.0,,,0.0273,,,
1939-05,0.0681,0.027999999999999997,0.004699999999999999,0.0001,,,0.0352,,,
1939-06,-0.0533,-0.0109,-0.0528,0.0001,,,0.022400000000000003,,,
1939-07,0.10220000000000001,0.041299999999999996,0.0031,0.0,,,-0.006999999999999999,,,
1939-08,-0.0668,-0.046900000000000004,-0.023399999999999997,-0.0001,,,0.059000000000000004,,,
1939-09,0.1689,0.2061,0.2191,0.0001,,,-0.3145,,,
1939-10,-0.0053,-0.0015,-0.0471,0.0,,,0.0658,,,
1939-11,-0.0365,-0.0518,-0.0626,0.0,,,-0.0029,,,
1939-12,0.029300000000000003,0.009300000000000001,-0.042199999999999994,0.0,,,0.0542,,,
1940-01,-0.0241,0.004,-0.011000000000000001,0.0,,,0.0174,,,
1940-02,0.0144,0.0222,0.0018,0.0,,,0.0167,,,
1940-03,0.020499999999999997,0.0127,-0.013000000000000001,0.0,,,-0.0055000000000000005,,,
1940-04,0.0022,0.04019999999999999,-0.0026,0.0,,,0.0336,,,
1940-05,-0.22,-0.066,-0.038,-0.0002,,,0.028900000000000002,,,
1940-06,0.0669,-0.0173,0.0387,0.0,,,-0.0246,,,
1940-07,0.0317,0.009899999999999999,-0.0075,0.0001,,,0.0106,,,
1940-08,0.022099999999999998,-0.0018,0.0055000000000000005,-0.0001,,,-0.0178,,,
1940-09,0.0239,0.032,-0.011399999999999999,0.0,,,-0.0006,,,
1940-10,0.030299999999999997,0.0033,0.04650000000000001,0.0,,,-0.0576,,,
1940-11,-0.0165,0.019799999999999998,0.0016,0.0,,,0.0131,,,
1940-12,0.0069,-0.0212,-0.0089,0.0,,,0.0354,,,
1941-01,-0.0418,0.0098,0.0383,-0.0001,,,-0.0475,,,
1941-02,-0.0143,-0.015600000000000001,0.0089,-0.0001,,,0.010700000000000001,,,
1941-03,0.0084,0.0009,0.0305,0.0001,,,0.0246,,,
1941-04,-0.0546,-0.0167,0.0341,-0.0001,,,0.030299999999999997,,,
1941-05,0.0137,-0.0064,0.0060999999999999995,0.0,,,0.026099999999999998,,,
1941-06,0.0583,0.0131,0.0060999999999999995,0.0,,,-0.0068000000000000005,,,
1941-07,0.0587,0.0574,0.0724,0.0003,,,-0.0151,,,
1941-08,-0.0017000000000000001,-0.0043,-0.011000000000000001,0.0001,,,0.0018,,,
1941-09,-0.0088,-0.0098,-0.0027,0.0001,,,-0.0167,,,
1941-10,-0.0526,-0.0207,0.0163,0.0,,,0.0482,,,
1941-11,-0.0195,-0.0108,-0.006,0.0,,,0.0441,,,
1941-12,-0.048799999999999996,-0.0286,-0.0594,0.0001,,,0.004,,,
1942-01,0.0079,0.0745,0.10099999999999999,0.0002,,,-0.0363,,,
1942-02,-0.0246,0.0174,-0.0115,0.0001,,,-0.0072,,,
1942-03,-0.066,0.0187,-0.0060999999999999995,0.0001,,,-0.0026,,,
1942-04,-0.0437,-0.0044,0.0209,0.0001,,,-0.0083,,,
1942-05,0.0596,-0.032,-0.026699999999999998,0.0003,,,-0.04769999999999999,,,
1942-06,0.0268,-0.0128,0.0043,0.0002,,,-0.0138,,,
1942-07,0.0351,-0.0015,0.0241,0.0003,,,0.008,,,
1942-08,0.018000000000000002,-0.0008,0.013300000000000001,0.0003,,,-0.0008,,,
1942-09,0.0262,0.0064,0.0239,0.0003,,,-0.0092,,,
1942-10,0.0682,0.0175,0.0647,0.0003,,,-0.0441,,,
1942-11,0.0013,-0.0149,-0.042300000000000004,0.0003,,,-0.010700000000000001,,,
1942-12,0.051399999999999994,-0.0255,0.0055000000000000005,0.0003,,,0.0318,,,
1943-01,0.0713,0.08810000000000001,0.0823,0.0003,,,-0.003,,,
1943-02,0.0616,0.0484,0.0652,0.0003,,,-0.0163,,,
1943-03,0.0603,0.0507,0.054900000000000004,0.0003,,,0.0472,,,
1943-04,0.008100000000000001,0.0207,0.058600000000000006,0.0003,,,0.058600000000000006,,,
1943-05,0.0575,0.044000000000000004,0.032799999999999996,0.0002,,,0.059000000000000004,,,
1943-06,0.0182,-0.0103,-0.0075,0.0003,,,-0.0132,,,
1943-07,-0.0478,-0.0231,-0.0223,0.0003,,,-0.0451,,,
1943-08,0.013000000000000001,-0.0064,-0.004699999999999999,0.0003,,,0.009000000000000001,,,
1943-09,0.024,0.013000000000000001,0.014199999999999999,0.0003,,,0.0173,,,
1943-10,-0.0115,0.006,0.0168,0.0003,,,-0.0069,,,
1943-11,-0.0593,-0.015700000000000002,-0.039900000000000005,0.0003,,,-0.0447,,,
1943-12,0.0637,0.031,0.028999999999999998,0.0003,,,0.0592,,,
1944-01,0.0174,0.026099999999999998,0.0229,0.0003,,,0.0089,,,
1944-02,0.0037,-0.0008,0.0085,0.0003,,,0.0034000000000000002,,,
1944-03,0.0246,0.0165,0.0335,0.0002,,,0.0262,,,
1944-04,-0.0169,-0.0131,-0.0106,0.0003,,,0.0051,,,
1944-05,0.0508,0.0168,0.0103,0.0003,,,0.019,,,
1944-06,0.055099999999999996,0.041100000000000005,0.0189,0.0003,,,-0.0579,,,
1944-07,-0.0149,0.0058,-0.0042,0.0003,,,0.0014000000000000002,,,
1944-08,0.015600000000000001,0.023700000000000002,-0.0144,0.0003,,,0.047400000000000005,,,
1944-09,0.0002,0.0048,-0.012,0.0002,,,-0.011699999999999999,,,
1944-10,0.0016,-0.0016,-0.0036,0.0003,,,-0.0132,,,
1944-11,0.0171,0.0034999999999999996,0.023799999999999998,0.0003,,,0.013600000000000001,,,
1944-12,0.0404,0.0223,0.0587,0.0002,,,0.0335,,,
1945-01,0.020099999999999996,0.0245,0.0068000000000000005,0.0003,,,0.0003,,,
1945-02,0.0623,0.016200000000000003,0.0443,0.0002,,,0.032,,,
1945-03,-0.0391,-0.0166,-0.015700000000000002,0.0002,,,-0.030699999999999998,,,
1945-04,0.078,0.0048,0.0311,0.0003,,,0.0471,,,
1945-05,0.0174,0.015300000000000001,0.0034000000000000002,0.0003,,,0.0015,,,
1945-06,0.0039000000000000003,0.031400000000000004,0.042699999999999995,0.0002,,,0.0415,,,
1945-07,-0.0217,-0.014499999999999999,-0.0273,0.0003,,,-0.0268,,,
1945-08,0.0622,0.016,-0.044000000000000004,0.0003,,,-0.013000000000000001,,,
1945-09,0.04769999999999999,0.0174,0.0046,0.0003,,,0.0139,,,
1945-10,0.038900000000000004,0.0236,0.021400000000000002,0.0003,,,0.0017000000000000001,,,
1945-11,0.054000000000000006,0.0418,0.0435,0.0002,,,0.0431,,,
1945-12,0.011899999999999999,0.0216,-0.024,0.0003,,,0.0125,,,
1946-01,0.062400000000000004,0.0398,0.022799999999999997,0.0003,,,0.0379,,,
1946-02,-0.0584,-0.0068000000000000005,-0.0127,0.0003,,,-0.0143,,,
1946-03,0.0588,0.003,-0.0037,0.0003,,,0.027000000000000003,,,
1946-04,0.042300000000000004,0.023700000000000002,0.0046,0.0003,,,0.0304,,,
1946-05,0.0394,0.0148,0.011000000000000001,0.0003,,,-0.0058,,,
1946-06,-0.038900000000000004,-0.0155,-0.0053,0.0003,,,-0.025099999999999997,,,
1946-07,-0.0269,-0.0191,0.0005,0.0003,,,0.0022,,,
1946-08,-0.0646,-0.018000000000000002,0.006,0.0003,,,-0.0005,,,
1946-09,-0.1018,-0.0443,-0.0197,0.0003,,,0.006999999999999999,,,
1946-10,-0.0144,0.0017000000000000001,0.0345,0.0003,,,0.0091,,,
1946-11,-0.0002,-0.0037,0.015300000000000001,0.0003,,,0.0028000000000000004,,,
1946-12,0.049699999999999994,0.0,-0.0141,0.0003,,,0.0009,,,
1947-01,0.0125,0.022000000000000002,-0.0074,0.0003,,,-0.0632,,,
1947-02,-0.0109,0.006999999999999999,0.0014000000000000002,0.0003,,,-0.0049,,,
1947-03,-0.0168,-0.016,0.0060999999999999995,0.0003,,,0.040999999999999995,,,
1947-04,-0.048,-0.0397,0.0085,0.0003,,,0.0541,,,
1947-05,-0.0096,-0.0327,0.0032,0.0003,,,0.0337,,,
1947-06,0.053,-0.0033,-0.0064,0.0003,,,-0.0184,,,
1947-07,0.041299999999999996,0.0147,0.0276,0.0003,,,-0.0338,,,
1947-08,-0.0174,0.0033,0.0014000000000000002,0.0003,,,0.034,,,
1947-09,-0.0054,0.016200000000000003,0.013600000000000001,0.0006,,,0.001,,,
1947-10,0.024700000000000003,0.0052,0.0011,0.0006,,,0.015600000000000001,,,
1947-11,-0.0199,-0.0169,0.010700000000000001,0.0006,,,0.0426,,,
1947-12,0.0301,-0.024700000000000003,0.0374,0.0008,,,0.0362,,,
1948-01,-0.0393,0.0252,0.0138,0.0007000000000000001,,,-0.04190000000000001,,,
1948-02,-0.0438,-0.017,0.0005,0.0007000000000000001,,,0.0141,,,
1948-03,0.08109999999999999,0.0012,0.0452,0.0009,,,-0.0034000000000000002,,,
1948-04,0.0365,-0.016399999999999998,0.0412,0.0008,,,0.040999999999999995,,,
1948-05,0.0732,0.0087,-0.0127,0.0008,,,0.0233,,,
1948-06,-0.0011,-0.0178,0.028399999999999998,0.0009,,,0.0398,,,
1948-07,-0.0508,-0.0038,0.0011,0.0008,,,-0.0161,,,
1948-08,0.0024,-0.0113,0.0029,0.0009,,,0.002,,,
1948-09,-0.029900000000000003,-0.0127,-0.0177,0.0004,,,-0.013600000000000001,,,
1948-10,0.0596,-0.0148,0.0058,0.0004,,,0.0273,,,
1948-11,-0.0934,-0.0060999999999999995,-0.0415,0.0004,,,0.0058,,,
1948-12,0.0326,-0.0285,-0.0195,0.0004,,,0.0466,,,
1949-01,0.0023,0.0171,0.0125,0.001,,,-0.0292,,,
1949-02,-0.029300000000000003,-0.0187,-0.0089,0.0009,,,-0.0043,,,
1949-03,0.0405,0.0248,0.0131,0.001,,,-0.008100000000000001,,,
1949-04,-0.0187,-0.0092,-0.011200000000000002,0.0009,,,0.0313,,,
1949-05,-0.0298,-0.0078000000000000005,-0.0239,0.001,,,0.030600000000000002,,,
1949-06,0.001,-0.0086,-0.0165,0.001,,,-0.0129,,,
1949-07,0.0554,0.0055000000000000005,0.0039000000000000003,0.0009,,,-0.0147,,,
1949-08,0.0259,0.0014000000000000002,-0.0059,0.0009,,,0.0158,,,
1949-09,0.030899999999999997,0.0105,0.0023,0.0009,,,-0.0132,,,
1949-10,0.031400000000000004,0.0103,-0.0049,0.0009,,,0.0002,,,
1949-11,0.0181,-0.009399999999999999,-0.009000000000000001,0.0008,,,0.012199999999999999,,,
1949-12,0.051399999999999994,0.0208,0.0173,0.0009,,,-0.008199999999999999,,,
1950-01,0.017,0.0334,0.0015,0.0009,,,-0.0227,,,
1950-02,0.0148,0.0002,-0.0079,0.0009,,,0.0138,,,
1950-03,0.0126,-0.0143,-0.0278,0.001,,,0.0146,,,
1950-04,0.0394,0.02,0.013300000000000001,0.0009,,,0.0027,,,
1950-05,0.0432,-0.0213,0.004699999999999999,0.001,,,0.0029,,,
1950-06,-0.0596,-0.0241,-0.0079,0.001,,,-0.0158,,,
1950-07,0.0137,0.0054,0.1369,0.001,,,-0.0052,,,
1950-08,0.048600000000000004,0.0074,-0.0137,0.001,,,0.032,,,
1950-09,0.0482,0.0059,-0.011000000000000001,0.001,,,-0.002,,,
1950-10,-0.0019,-0.0066,0.013600000000000001,0.0012,,,0.0151,,,
1950-11,0.0274,-0.0089,0.0319,0.0011,,,0.0352,,,
1950-12,0.0557,0.015300000000000001,0.0727,0.0011,,,0.0495,,,
1951-01,0.057,0.0167,0.0379,0.0013,,,0.0232,,,
1951-02,0.013999999999999999,0.0014000000000000002,-0.0279,0.001,,,-0.0195,,,
1951-03,-0.0216,-0.0066,-0.0426,0.0011,,,-0.029300000000000003,,,
1951-04,0.048600000000000004,-0.0148,0.0326,0.0013,,,0.059800000000000006,,,
1951-05,-0.0236,-0.0008,-0.014199999999999999,0.0012,,,-0.0096,,,
1951-06,-0.0263,-0.0196,-0.0398,0.0012,,,-0.0245,,,
1951-07,0.0695,-0.020499999999999997,0.02,0.0013,,,0.0718,,,
1951-08,0.0429,0.0095,-0.0017000000000000001,0.0013,,,0.0064,,,
1951-09,0.006999999999999999,0.018600000000000002,0.0062,0.0012,,,0.006,,,
1951-10,-0.0253,-0.0023,0.0018,0.0016,,,-0.0021,,,
1951-11,0.0058,-0.0033,-0.0008,0.0011,,,0.0051,,,
1951-12,0.0333,-0.022400000000000003,-0.0155,0.0012,,,0.0175,,,
1952-01,0.014499999999999999,-0.006500000000000001,0.0148,0.0015,,,0.0137,,,
1952-02,-0.0264,0.0085,-0.0062,0.0012,,,-0.0068000000000000005,,,
1952-03,0.0444,-0.0297,0.0223,0.0011,,,0.0165,,,
1952-04,-0.049699999999999994,0.0049,-0.0003,0.0012,,,-0.020099999999999996,,,
1952-05,0.032,-0.01,0.0002,0.0013,,,0.005600000000000001,,,
1952-06,0.0384,-0.0163,0.0124,0.0015,,,0.0149,,,
1952-07,0.0091,-0.0040999999999999995,-0.0032,0.0015,,,-0.0055000000000000005,,,
1952-08,-0.0077,0.0115,0.0009,0.0015,,,0.0034000000000000002,,,
1952-09,-0.0204,0.0109,-0.014199999999999999,0.0016,,,0.0173,,,
1952-10,-0.0066,-0.0103,-0.0055000000000000005,0.0014000000000000002,,,0.0273,,,
1952-11,0.0596,-0.0072,0.0102,0.001,,,0.004,,,
1952-12,0.029300000000000003,-0.0151,0.0019,0.0016,,,0.0149,,,
1953-01,-0.0034000000000000002,0.0354,0.0128,0.0016,,,0.0074,,,
1953-02,-0.0027,0.0222,-0.0005,0.0014000000000000002,,,0.008,,,
1953-03,-0.0144,-0.0021,-0.0084,0.0018,,,0.0014000000000000002,,,
1953-04,-0.028300000000000002,0.0026,0.0155,0.0016,,,0.0184,,,
1953-05,0.0051,-0.0005,0.0025,0.0017000000000000001,,,0.009000000000000001,,,
1953-06,-0.0189,-0.0189,-0.005,0.0018,,,0.0,,,
1953-07,0.024,-0.0104,-0.0025,0.0015,,,-0.0037,,,
1953-08,-0.045599999999999995,0.0037,-0.0352,0.0017000000000000001,,,0.021400000000000002,,,
1953-09,0.0021,-0.0085,-0.024399999999999998,0.0016,,,0.028999999999999998,,,
1953-10,0.046,-0.013600000000000001,-0.0019,0.0013,,,0.0023,,,
1953-11,0.028399999999999998,-0.013000000000000001,-0.0015,0.0008,,,0.0196,,,
1953-12,0.0002,-0.0085,-0.028300000000000002,0.0013,,,0.0521,,,
1954-01,0.0513,0.005,0.0345,0.0011,,,-0.0584,,,
1954-02,0.0167,-0.0018,-0.0027,0.0007000000000000001,,,0.0104,,,
1954-03,0.0366,-0.005,-0.014499999999999999,0.0008,,,0.0213,,,
1954-04,0.042699999999999995,-0.0347,-0.0037,0.0009,,,0.0508,,,
1954-05,0.031,0.0039000000000000003,0.0245,0.0005,,,-0.0203,,,
1954-06,0.0108,0.0038,0.0002,0.0006,,,0.0355,,,
1954-07,0.05,0.0105,0.0414,0.0005,,,0.0043,,,
1954-08,-0.0235,0.0268,-0.014199999999999999,0.0005,,,-0.0067,,,
1954-09,0.064,-0.0256,0.0068000000000000005,0.0009,,,0.0166,,,
1954-10,-0.0167,0.0060999999999999995,0.0064,0.0007000000000000001,,,0.0092,,,
1954-11,0.0941,-0.0265,0.044500000000000005,0.0006,,,0.0187,,,
1954-12,0.054900000000000004,0.0218,0.056799999999999996,0.0008,,,-0.013999999999999999,,,
1955-01,0.006,0.0024,0.021,0.0008,,,0.0147,,,
1955-02,0.0302,0.0155,0.0060999999999999995,0.0009,,,0.0104,,,
1955-03,-0.0015,-0.006500000000000001,0.019299999999999998,0.001,,,0.009899999999999999,,,
1955-04,0.0311,-0.0175,0.0075,0.001,,,0.0001,,,
1955-05,0.009399999999999999,-0.0025,-0.0096,0.0014000000000000002,,,0.0060999999999999995,,,
1955-06,0.0655,-0.0461,0.018500000000000003,0.001,,,0.0472,,,
1955-07,0.0189,-0.012,0.0043,0.001,,,-0.0121,,,
1955-08,0.0022,-0.004699999999999999,0.0075,0.0016,,,0.0175,,,
1955-09,-0.0037,0.003,-0.01,0.0016,,,0.018000000000000002,,,
1955-10,-0.026699999999999998,0.0147,-0.0007000000000000001,0.0018,,,-0.0051,,,
1955-11,0.0704,-0.022000000000000002,0.0033,0.0017000000000000001,,,0.025699999999999997,,,
1955-12,0.0149,0.019799999999999998,-0.0213,0.0018,,,-0.0121,,,
1956-01,-0.030299999999999997,0.005,0.008,0.0022,,,-0.015,,,
1956-02,0.0378,-0.0097,-0.0040999999999999995,0.0019,,,0.020099999999999996,,,
1956-03,0.0664,-0.0212,-0.0048,0.0015,,,0.0352,,,
1956-04,0.0028000000000000004,-0.0003,-0.0014000000000000002,0.0019,,,0.026699999999999998,,,
1956-05,-0.052199999999999996,0.0149,-0.0134,0.0023,,,-0.0161,,,
1956-06,0.0347,-0.015300000000000001,-0.010700000000000001,0.002,,,0.026699999999999998,,,
1956-07,0.0484,-0.0168,-0.0006,0.0022,,,0.0254,,,
1956-08,-0.0319,0.0189,-0.0073,0.0017000000000000001,,,-0.0070999999999999995,,,
1956-09,-0.051399999999999994,0.0158,0.0176,0.0018,,,-0.0077,,,
1956-10,0.0052,-0.001,-0.0006,0.0025,,,0.024900000000000002,,,
1956-11,0.0034999999999999996,-0.0021,0.0176,0.002,,,0.0342,,,
1956-12,0.0316,-0.0004,-0.0215,0.0024,,,0.0379,,,
1957-01,-0.035699999999999996,0.0338,0.028300000000000002,0.0027,,,-0.030699999999999998,,,
1957-02,-0.0207,-0.0076,-0.0066,0.0024,,,0.0036,,,
1957-03,0.0213,0.0032,-0.0054,0.0023,,,-0.0024,,,
1957-04,0.0426,-0.016,-0.0148,0.0025,,,0.01,,,
1957-05,0.0346,-0.0109,-0.020099999999999996,0.0026,,,0.005600000000000001,,,
1957-06,-0.0075,0.005699999999999999,-0.0002,0.0024,,,0.0072,,,
1957-07,0.0066,-0.008,0.0048,0.003,,,-0.0007000000000000001,,,
1957-08,-0.0512,0.0006,-0.0045000000000000005,0.0025,,,0.0044,,,
1957-09,-0.0599,0.0006,0.0095,0.0026,,,0.006,,,
1957-10,-0.0432,-0.0246,-0.018799999999999997,0.0029,,,0.0203,,,
1957-11,0.0231,0.004,-0.0291,0.0028000000000000004,,,0.0127,,,
1957-12,-0.039,-0.0091,-0.0176,0.0024,,,0.0781,,,
1958-01,0.04650000000000001,0.0429,0.0434,0.0028000000000000004,,,-0.0757,,,
1958-02,-0.015300000000000001,0.0075,0.0023,0.0012,,,0.037200000000000004,,,
1958-03,0.0327,0.0069,-0.0103,0.0009,,,-0.0179,,,
1958-04,0.030899999999999997,-0.0069,0.016399999999999998,0.0008,,,0.019,,,
1958-05,0.0232,0.0216,-0.002,0.0011,,,-0.0174,,,
1958-06,0.029300000000000003,-0.0014000000000000002,0.0031,0.0003,,,-0.0089,,,
1958-07,0.043899999999999995,0.0051,0.030699999999999998,0.0007000000000000001,,,-0.0358,,,
1958-08,0.019,0.0115,0.0033,0.0004,,,0.0014000000000000002,,,
1958-09,0.0466,0.0011,0.027999999999999997,0.0019,,,-0.011200000000000002,,,
1958-10,0.0253,0.0108,-0.0113,0.0018,,,0.0313,,,
1958-11,0.0301,0.02,-0.011699999999999999,0.0011,,,0.015300000000000001,,,
1958-12,0.0516,-0.0207,0.0006,0.0022,,,-0.0070999999999999995,,,
1959-01,0.0070999999999999995,0.030299999999999997,0.0292,0.0021,,,-0.0029,,,
1959-02,0.0095,0.0148,0.0115,0.0019,,,0.0344,,,
1959-03,0.0028000000000000004,0.0147,-0.0034000000000000002,0.0022,,,0.0022,,,
1959-04,0.0366,-0.0060999999999999995,-0.0124,0.002,,,0.0317,,,
1959-05,0.0173,-0.0216,0.018000000000000002,0.0022,,,0.015,,,
1959-06,-0.0024,0.0069,0.0132,0.0024,,,0.031400000000000004,,,
1959-07,0.0318,-0.0034999999999999996,0.0027,0.0025,,,-0.0034999999999999996,,,
1959-08,-0.0138,-0.0078000000000000005,0.0044,0.0019,,,-0.01,,,
1959-09,-0.0481,-0.0015,0.0053,0.0031,,,0.0078000000000000005,,,
1959-10,0.0128,0.0152,-0.021,0.003,,,0.034300000000000004,,,
1959-11,0.016,0.0126,-0.0322,0.0026,,,0.023,,,
1959-12,0.0246,-0.0063,-0.0001,0.0034000000000000002,,,0.0103,,,
1960-01,-0.0698,0.0212,0.0265,0.0033,,,-0.0351,,,
1960-02,0.0116,0.006,-0.0197,0.0029,,,0.04,,,
1960-03,-0.0163,-0.0055000000000000005,-0.0275,0.0034999999999999996,,,0.0141,,,
1960-04,-0.0171,0.0022,-0.021400000000000002,0.0019,,,0.028399999999999998,,,
1960-05,0.031200000000000002,0.0129,-0.0373,0.0027,,,0.0479,,,
1960-06,0.0208,-0.0028000000000000004,-0.0027,0.0024,,,0.0089,,,
1960-07,-0.023700000000000002,-0.0052,0.0208,0.0013,,,-0.0070999999999999995,,,
1960-08,0.03,0.006999999999999999,-0.0022,0.0017000000000000001,,,0.0151,,,
1960-09,-0.06,-0.0113,0.0166,0.0016,,,0.0034999999999999996,,,
1960-10,-0.0070999999999999995,-0.0403,0.0275,0.0022,,,0.0126,,,
1960-11,0.046900000000000004,0.0036,-0.023700000000000002,0.0013,,,0.0363,,,
1960-12,0.0473,-0.0159,-0.0076,0.0016,,,0.013600000000000001,,,
1961-01,0.062,0.0063,0.0362,0.0019,,,-0.04,,,
1961-02,0.035699999999999996,0.0388,-0.0059,0.0014000000000000002,,,0.01,,,
1961-03,0.028900000000000002,0.0323,-0.0083,0.002,,,0.0432,,,
1961-04,0.0029,0.0009,0.0209,0.0017000000000000001,,,0.036699999999999997,,,
1961-05,0.024,0.0196,0.0044,0.0018,,,-0.015700000000000002,,,
1961-06,-0.0308,-0.025,-0.0012,0.002,,,0.003,,,
1961-07,0.028300000000000002,-0.019299999999999998,-0.0008,0.0018,,,0.0022,,,
1961-08,0.025699999999999997,-0.0171,-0.0029,0.0014000000000000002,,,0.016399999999999998,,,
1961-09,-0.0215,-0.010700000000000001,-0.0060999999999999995,0.0017000000000000001,,,0.0079,,,
1961-10,0.0258,-0.0165,0.0014000000000000002,0.0019,,,0.030699999999999998,,,
1961-11,0.044500000000000005,0.0126,-0.012,0.0015,,,0.013500000000000002,,,
1961-12,-0.0017000000000000001,-0.0086,0.018000000000000002,0.0019,,,-0.0218,,,
1962-01,-0.0387,0.0177,0.051100000000000007,0.0024,,,-0.0204,,,
1962-02,0.0181,-0.011699999999999999,0.0086,0.002,,,-0.01,,,
1962-03,-0.0068000000000000005,0.0066,-0.0159,0.002,,,0.0189,,,
1962-04,-0.0659,-0.008,0.0016,0.0022,,,0.028900000000000002,,,
1962-05,-0.0866,-0.0313,0.0276,0.0024,,,0.0040999999999999995,,,
1962-06,-0.085,-0.0044,0.0242,0.002,,,0.064,,,
1962-07,0.06269999999999999,0.0152,-0.0337,0.0027,,,0.005,,,
1962-08,0.0213,0.012199999999999999,-0.011200000000000002,0.0023,,,-0.005600000000000001,,,
1962-09,-0.052199999999999996,-0.024,0.013300000000000001,0.0021,,,0.039599999999999996,,,
1962-10,-0.0005,-0.0395,0.013000000000000001,0.0026,,,0.0079,,,
1962-11,0.10890000000000001,0.025,0.0085,0.002,,,-0.0723,,,
1962-12,0.0101,-0.037599999999999995,0.0032,0.0023,,,0.059000000000000004,,,
1963-01,0.049400000000000006,0.0301,0.022400000000000003,0.0025,,,-0.021400000000000002,,,
1963-02,-0.024,0.0046,0.0215,0.0023,,,0.0252,,,
1963-03,0.0308,-0.0258,0.021,0.0023,,,0.0158,,,
1963-04,0.0451,-0.0126,0.01,0.0025,,,-0.0006,,,
1963-05,0.0176,0.0108,0.0255,0.0024,,,0.0029,,,
1963-06,-0.02,-0.0032,0.006500000000000001,0.0023,,,0.0116,,,
1963-07,-0.0039000000000000003,-0.005699999999999999,-0.0084,0.0027,0.0064,-0.0115,0.0101,,,
1963-08,0.0508,-0.0095,0.0172,0.0025,0.004,-0.0038,0.01,,,
1963-09,-0.015700000000000002,-0.0025,-0.0002,0.0027,-0.0078000000000000005,0.0015,0.0012,,,
1963-10,0.0254,-0.005699999999999999,-0.0003,0.0029,0.0279,-0.0225,0.0313,,,
1963-11,-0.0086,-0.0116,0.0178,0.0027,-0.0043,0.0227,-0.0077,,,
1963-12,0.0183,-0.0196,-0.0021,0.0029,0.0012,-0.0025,0.0184,,,
1964-01,0.022400000000000003,-0.0024,0.0158,0.003,0.0021,0.0148,0.008100000000000001,,,
1964-02,0.0155,0.0011,0.0277,0.0026,0.0011,0.008100000000000001,0.0033,,,
1964-03,0.0141,0.0095,0.033,0.0031,-0.0203,0.0298,0.0073,,,
1964-04,0.001,-0.013500000000000002,-0.005600000000000001,0.0029,-0.0132,-0.0113,-0.0064,,,
1964-05,0.0141,-0.0084,0.0182,0.0026,-0.0015,0.0013,0.0253,,,
1964-06,0.0127,-0.0023,0.0069,0.003,-0.0033,0.001,0.004699999999999999,,,
1964-07,0.0174,0.002,0.0079,0.003,0.0013,0.0183,-0.0037,,,
1964-08,-0.0144,0.0003,0.0007000000000000001,0.0028000000000000004,0.0012,0.0027,-0.0024,,,
1964-09,0.0269,-0.0062,0.0172,0.0028000000000000004,-0.0052,0.0054,-0.0039000000000000003,,,
1964-10,0.006,0.005,0.0108,0.0029,-0.0023,0.0049,0.0019,,,
1964-11,-0.0001,0.0068000000000000005,-0.0204,0.0029,0.0060999999999999995,-0.0025,0.011000000000000001,,,
1964-12,0.0004,-0.0027,-0.024300000000000002,0.0031,0.0101,-0.0149,-0.006999999999999999,,,
1965-01,0.0354,0.0253,0.0036,0.0028000000000000004,0.0101,0.0005,-0.0139,,,
1965-02,0.0044,0.0332,0.0022,0.003,0.0026,-0.0062,0.0024,,,
1965-03,-0.0134,0.0181,0.0115,0.0036,-0.0032,0.0062,0.0017000000000000001,,,
1965-04,0.0311,0.0111,0.0073,0.0031,0.0034999999999999996,-0.022000000000000002,0.0253,,,
1965-05,-0.0078000000000000005,0.0005,-0.0155,0.0031,-0.004699999999999999,0.0055000000000000005,0.005600000000000001,,,
1965-06,-0.055099999999999996,-0.0407,0.0023,0.0034999999999999996,0.0023,0.0042,-0.0318,,,
1965-07,0.0144,0.0086,0.0219,0.0031,-0.0141,-0.0008,0.0409,,,
1965-08,0.0273,0.0285,-0.0098,0.0033,0.0203,-0.008100000000000001,0.025699999999999997,,,
1965-09,0.0286,0.0063,-0.0014000000000000002,0.0031,-0.0085,0.0073,0.032799999999999996,,,
1965-10,0.026000000000000002,0.0252,0.0155,0.0031,0.011899999999999999,-0.0076,0.0344,,,
1965-11,-0.0003,0.046900000000000004,0.0016,0.0034999999999999996,-0.0108,-0.0087,0.0441,,,
1965-12,0.0101,0.0207,0.0215,0.0033,-0.013000000000000001,-0.0055000000000000005,-0.001,,,
1966-01,0.0072,0.04019999999999999,0.0327,0.0038,-0.0265,-0.0026,0.0525,,,
1966-02,-0.0121,0.0444,0.0038,0.0034999999999999996,-0.0016,-0.014499999999999999,0.045899999999999996,,,
1966-03,-0.025099999999999997,0.0086,-0.0213,0.0038,0.0129,-0.0005,0.0146,,,
1966-04,0.0213,0.0344,-0.0036,0.0034000000000000002,0.0042,-0.0092,0.0593,,,
1966-05,-0.0567,-0.046,-0.016,0.0040999999999999995,0.016399999999999998,-0.0148,-0.0473,,,
1966-06,-0.0144,0.0102,0.0049,0.0038,0.0008,0.0079,0.032400000000000005,,,
1966-07,-0.0163,-0.0034000000000000002,0.0091,0.0034999999999999996,-0.0034999999999999996,0.0172,-0.013000000000000001,,,
1966-08,-0.0794,-0.0327,0.0051,0.0040999999999999995,-0.0068000000000000005,0.008,-0.022099999999999998,,,
1966-09,-0.0106,-0.009899999999999999,0.004699999999999999,0.004,-0.0118,0.023399999999999997,-0.0187,,,
1966-10,0.038599999999999995,-0.06559999999999999,0.0268,0.0045000000000000005,-0.0388,0.042,-0.052000000000000005,,,
1966-11,0.0138,0.0416,-0.047400000000000005,0.004,0.0479,-0.0663,0.0576,,,
1966-12,0.0013,0.0199,-0.010700000000000001,0.004,0.0026,-0.0024,0.009899999999999999,,,
1967-01,0.0815,0.0823,0.0222,0.0043,0.0148,-0.0323,-0.0694,-0.029213,0.018882,-0.025547
1967-02,0.0077,0.0333,-0.0225,0.0036,0.017,-0.0096,0.0351,-0.00295,0.035538,0.021825
1967-03,0.039900000000000005,0.0154,0.0040999999999999995,0.0039000000000000003,0.0092,-0.0158,0.0139,-0.016769,0.018413,-0.011191
1967-04,0.038900000000000004,0.0043,-0.0227,0.0032,0.0304,-0.0369,0.0052,-0.028961,0.0103,-0.016378
1967-05,-0.0432,0.0209,0.0084,0.0033,-0.0121,0.016399999999999998,0.006500000000000001,0.021806000000000002,0.006005,0.001188
1967-06,0.0242,0.0588,0.0078000000000000005,0.0027,-0.008,-0.025099999999999997,0.0601,-0.020996,0.003509,-0.004146
1967-07,0.0458,0.0319,0.0278,0.0032,0.0045000000000000005,0.026600000000000002,-0.0108,0.022785000000000003,-0.006512,-0.0016150000000000001
1967-08,-0.009000000000000001,0.0043,0.0143,0.0031,0.003,0.013500000000000002,-0.013300000000000001,0.019288,-0.00597,0.0006479999999999999
1967-09,0.031,0.0302,-0.0242,0.0032,0.0022,-0.009300000000000001,0.0239,-0.004063,0.0075049999999999995,-0.009188
1967-10,-0.0308,0.0147,-0.0329,0.0039000000000000003,0.0097,-0.0274,0.0364,-0.02437,0.032864,0.001061
1967-11,0.0037,0.0017000000000000001,-0.017,0.0036,0.0131,-0.022799999999999997,0.012199999999999999,-0.028163999999999998,0.006972000000000001,0.000261
1967-12,0.0305,0.0565,-0.0059,0.0033,-0.0074,-0.0003,0.0321,0.000945,0.006893,0.017038
1968-01,-0.0403,0.039900000000000005,0.048499999999999995,0.004,-0.0489,0.0646,-0.0449,0.046367000000000005,-0.030127,0.010549999999999999
1968-02,-0.0374,-0.029500000000000002,0.0125,0.0039000000000000003,-0.0008,0.0246,-0.0336,0.025737,-0.003791,0.029688
1968-03,0.0021,-0.0128,-0.0066,0.0038,0.010700000000000001,-0.0115,0.0319,-0.008208,0.018425,0.013102
1968-04,0.0902,0.0567,-0.0111,0.0043,0.0279,-0.0373,0.0513,-0.027344,0.036187,-0.018775
1968-05,0.022799999999999997,0.06309999999999999,0.0079,0.0045000000000000005,0.0049,-0.0192,0.0377,-0.023322,0.01993,-0.002332
1968-06,0.006999999999999999,-0.0018,0.006500000000000001,0.0043,-0.015600000000000001,0.027999999999999997,-0.021,0.024961,-0.002262,0.000433
1968-07,-0.0269,-0.0127,0.0533,0.0048,-0.0318,0.0377,-0.0088,0.0273,-0.019582,0.035955
1968-08,0.013500000000000002,0.0239,0.0098,0.0042,-0.0066,0.005,0.019299999999999998,0.0064470000000000005,-0.006678,0.01599
1968-09,0.0405,0.0274,0.003,0.0043,-0.0194,0.0087,-0.0068000000000000005,-0.005673,-0.034137,-0.011016
1968-10,0.0043,-0.0052,0.0282,0.0044,-0.013600000000000001,0.0286,-0.0144,0.026611,0.003868,0.024950999999999997
1968-11,0.054299999999999994,0.0233,-0.0095,0.0042,0.0044,-0.025099999999999997,0.0179,-0.01348,-0.004173,-0.009917
1968-12,-0.0393,0.0338,0.0004,0.0043,-0.0191,0.0191,0.0032,0.026505,-0.006156,-0.004981
1969-01,-0.0125,-0.0062,0.0167,0.0053,-0.0152,0.0129,-0.0013,0.012088000000000002,-0.0011740000000000001,0.002967
1969-02,-0.058600000000000006,-0.039599999999999996,0.0088,0.0046,0.0199,0.0075,-0.025,0.007782,0.009821,0.022765
1969-03,0.026600000000000002,-0.0026,-0.0043,0.0046,-0.0134,-0.0048,0.0406,0.005044,0.020384000000000003,0.026271
1969-04,0.0146,-0.008199999999999999,0.0003,0.0053,0.0028000000000000004,-0.0015,0.011000000000000001,0.005138,0.020138,-0.0013880000000000001
1969-05,-0.0009,-0.0031,0.0062,0.0048,-0.0087,0.0104,0.0177,0.015381,0.001959,0.002056
1969-06,-0.0719,-0.0535,-0.0109,0.0051,0.042699999999999995,-0.016200000000000003,-0.023,-0.00635,0.033344,0.025282
1969-07,-0.07,-0.032400000000000005,0.0118,0.0053,0.0151,0.0184,0.0181,0.019885,0.020756,0.036221
1969-08,0.046900000000000004,0.008100000000000001,-0.0375,0.005,0.0106,-0.0398,0.021,-0.02653,0.005129,-0.02031
1969-09,-0.0297,0.0123,-0.0322,0.0062,0.0336,-0.0062,0.0241,0.00043499999999999995,0.017112000000000002,0.026461000000000002
1969-10,0.0506,0.0392,-0.031200000000000002,0.006,0.0008,-0.0208,-0.0436,-0.014792000000000001,-0.014489,-0.016176
1969-11,-0.038,-0.0255,-0.0125,0.0052,0.013999999999999999,0.0021,0.0368,0.00189,0.028492000000000003,0.02415
1969-12,-0.0263,-0.0368,-0.0288,0.0064,0.0255,-0.0192,0.0527,-0.00638,0.034679,0.017258
1970-01,-0.081,0.0291,0.0317,0.006,-0.0175,0.039599999999999996,0.005600000000000001,0.038252,-0.00728,0.035328
1970-02,0.051399999999999994,-0.0239,0.0369,0.0062,-0.0241,0.0287,0.0027,0.016272,-0.022926000000000002,-0.002197
1970-03,-0.0106,-0.0231,0.0408,0.005699999999999999,-0.0106,0.044199999999999996,-0.0037,0.033929,-0.009674,0.032246000000000004
1970-04,-0.1099,-0.061399999999999996,0.061399999999999996,0.005,-0.0063,0.059000000000000004,-0.0083,0.0529,0.001576,0.057236
1970-05,-0.069,-0.0461,0.0332,0.0053,-0.0129,0.0379,-0.026600000000000002,0.032268,0.000945,0.039817
1970-06,-0.057999999999999996,-0.0208,0.0044,0.0058,0.0014000000000000002,0.0271,0.056299999999999996,0.036745,0.02456,0.043769
1970-07,0.0692,-0.0054,0.0088,0.0052,-0.0032,0.0172,-0.0311,0.026328999999999998,-0.00328,-0.009622
1970-08,0.045,0.0148,0.0139,0.0053,0.0058,-0.0014000000000000002,-0.0673,-0.008436,-0.032816,-0.021518000000000002
1970-09,0.0418,0.0863,-0.054400000000000004,0.0054,0.0024,-0.0601,-0.0864,-0.045576,-0.013474999999999999,-0.055827
1970-10,-0.0227,-0.0417,0.0023,0.0046,0.0181,0.0226,0.0946,0.029775,0.054833999999999994,0.041488
1970-11,0.0462,-0.0397,0.015600000000000001,0.0046,0.0155,0.013999999999999999,0.026000000000000002,0.010513999999999999,0.010684,0.024327
1970-12,0.0574,0.0282,0.010700000000000001,0.0042,0.0029,0.0028000000000000004,-0.0229,0.004201,-0.014711,-0.003407
1971-01,0.0483,0.0727,0.015700000000000002,0.0038,-0.0203,-0.0005,-0.06849999999999999,-0.003598,-0.043306,-0.033926
1971-02,0.0141,0.018600000000000002,-0.0125,0.0033,0.006500000000000001,-0.0078000000000000005,0.0083,0.005443,0.024579,0.008106
1971-03,0.0412,0.026000000000000002,-0.04,0.003,0.0178,-0.026699999999999998,-0.013600000000000001,-0.019842,0.019343,-0.0018390000000000001
1971-04,0.0315,-0.0049,0.0089,0.0028000000000000004,-0.014499999999999999,0.0084,0.0134,0.011149,-0.013643,-0.010589999999999999
1971-05,-0.039900000000000005,-0.0103,-0.013300000000000001,0.0029,0.0151,0.0021,0.009300000000000001,0.008775,0.014251,0.009074
1971-06,-0.0009,-0.015300000000000001,-0.019799999999999998,0.0037,0.0159,-0.0169,0.0269,-0.006353,0.043705,0.0229
1971-07,-0.0449,-0.0151,-0.0002,0.004,0.0058,0.0139,-0.0232,0.024388,0.026438000000000003,0.009166
1971-08,0.0379,-0.0022,0.0264,0.004699999999999999,-0.0043,0.0259,0.0345,0.016847,-0.033222,-0.0008550000000000001
1971-09,-0.0086,0.005,-0.028999999999999998,0.0037,0.0254,-0.0158,0.021,0.000688,0.027605,0.012785
1971-10,-0.044199999999999996,-0.0175,-0.0051,0.0037,0.015600000000000001,-0.0139,0.005,-0.006750000000000001,0.019479,0.022045
1971-11,-0.0046,-0.0277,-0.0167,0.0037,0.0241,-0.0044,0.0151,-0.0029010000000000004,0.01473,0.015508
1971-12,0.08710000000000001,0.0329,-0.0038,0.0037,-0.0043,-0.0168,-0.0060999999999999995,-0.020106000000000002,-0.011822,-0.014764
1972-01,0.024700000000000003,0.0584,0.0212,0.0029,-0.0169,0.0054,0.0007000000000000001,-0.000256,-0.068223,0.018772999999999998
1972-02,0.0287,0.0132,-0.028300000000000002,0.0025,0.0169,-0.005,0.0253,0.019981,0.010235000000000001,-0.004364
1972-03,0.0062,-0.0029,-0.0161,0.0027,0.0158,-0.002,0.0294,0.017602,0.021602,0.01634
1972-04,0.0029,0.0016,0.0003,0.0029,-0.0040999999999999995,-0.0106,0.0279,0.0026850000000000003,0.007176,0.002058
1972-05,0.0129,-0.0271,-0.027200000000000002,0.003,0.024,-0.0197,0.0333,-0.017521,0.018968,0.013205
1972-06,-0.024300000000000002,0.0028000000000000004,-0.0246,0.0029,0.0178,-0.0034999999999999996,0.019,-0.0016150000000000001,0.034745,0.016525
1972-07,-0.008,-0.028999999999999998,0.006,0.0031,0.012,-0.0070999999999999995,0.0268,-0.0040479999999999995,0.022082,0.032865000000000005
1972-08,0.0327,-0.039900000000000005,0.045599999999999995,0.0029,-0.0204,0.028999999999999998,-0.0536,0.036303,-0.014473,0.007717000000000001
1972-09,-0.011399999999999999,-0.026600000000000002,0.0049,0.0034000000000000002,0.0165,-0.0197,0.0182,-0.009915,0.021835,0.004485
1972-10,0.0052,-0.0273,0.012199999999999999,0.004,-0.0011,0.0003,0.006999999999999999,-0.004156,-0.005144999999999999,0.0058130000000000005
1972-11,0.046,-0.0118,0.048799999999999996,0.0037,-0.019799999999999998,0.0334,-0.0508,0.025029,-0.041115000000000006,0.006487000000000001
1972-12,0.0062,-0.0195,-0.0218,0.0037,0.0258,-0.021400000000000002,0.0495,-0.013269999999999999,0.030371000000000002,0.017625
1973-01,-0.0327,-0.0349,0.027000000000000003,0.0044,0.004,0.009000000000000001,0.0382,0.0033439999999999998,-0.005698,0.034434
1973-02,-0.048499999999999995,-0.038900000000000004,0.016399999999999998,0.0042,-0.0029,0.0005,0.0218,0.001217,-0.010863000000000001,0.016563
1973-03,-0.013000000000000001,-0.0278,0.025699999999999997,0.0046,-0.0096,0.005,0.0355,0.006304,-0.018393,0.032599
1973-04,-0.056799999999999996,-0.0384,0.053899999999999997,0.0052,-0.0155,0.0252,0.0635,0.030657999999999998,-0.005940999999999999,0.041631
1973-05,-0.0297,-0.06269999999999999,0.0038,0.0051,0.0197,-0.017,0.0718,-0.0051719999999999995,0.014323999999999998,0.015029999999999998
1973-06,-0.015700000000000002,-0.028399999999999998,0.011399999999999999,0.0051,-0.002,0.0009,0.0431,0.004588999999999999,0.00018700000000000002,0.029907
1973-07,0.0504,0.07919999999999999,-0.0526,0.0064,-0.0009,-0.0323,-0.1166,-0.056784,0.013219000000000002,-0.041838
1973-08,-0.0382,-0.02,0.0103,0.006999999999999999,-0.0132,0.0125,0.0359,0.017694,0.016262000000000002,0.014946
1973-09,0.047400000000000005,0.029300000000000003,0.0222,0.0068000000000000005,-0.0222,0.0175,-0.0698,0.021472,-0.016309,-0.015762
1973-10,-0.0083,-0.0021,0.0166,0.006500000000000001,-0.0199,0.0273,0.0678,0.028797000000000003,0.008754999999999999,0.040355999999999996
1973-11,-0.1278,-0.07719999999999999,0.0409,0.005600000000000001,-0.0277,0.016399999999999998,0.08779999999999999,0.022434,-0.007442,0.022067
1973-12,0.0059,-0.054000000000000006,0.0401,0.0064,-0.028900000000000002,0.0242,0.1016,0.022165,0.033297,0.044653
1974-01,-0.0016,0.0968,0.059500000000000004,0.0063,-0.0292,0.0449,-0.0891,0.023656999999999997,-0.044622999999999996,-0.004973
1974-02,-0.0046,0.0,0.024700000000000003,0.0058,-0.018500000000000003,0.026699999999999998,0.0037,0.020672000000000003,-0.012398,0.014610000000000001
1974-03,-0.0282,0.025,-0.0014000000000000002,0.005600000000000001,0.028999999999999998,0.0045000000000000005,-0.01,-0.000616,0.019229,0.010148999999999998
1974-04,-0.0528,-0.0068000000000000005,0.0092,0.0075,0.0271,0.0213,0.0206,0.023754,0.023018999999999998,0.024683
1974-05,-0.047,-0.029300000000000003,-0.0208,0.0075,0.0501,-0.0033,-0.0029,-0.004516,0.022698,0.0026969999999999997
1974-06,-0.028399999999999998,-0.0024,0.0083,0.006,0.005,0.0298,0.0232,0.015523,0.015512999999999999,0.020135
1974-07,-0.0806,0.0078000000000000005,0.0516,0.006999999999999999,-0.032,0.045,0.03,0.045248,0.025139,0.056763
1974-08,-0.09390000000000001,-0.0069,0.026099999999999998,0.006,-0.0029,0.0259,0.030299999999999997,0.032538,0.028300000000000002,0.049638
1974-09,-0.11789999999999999,0.0027,0.054299999999999994,0.008100000000000001,-0.0433,0.0582,0.0424,0.049772,-0.022324,0.034947
1974-10,0.1611,-0.034300000000000004,-0.09910000000000001,0.0051,-0.0029,-0.0291,-0.0052,-0.015134000000000002,0.088918,0.009748
1974-11,-0.0453,-0.011699999999999999,-0.0025,0.0054,-0.0342,0.028999999999999998,0.022000000000000002,0.027347999999999997,0.017768,0.013723
1974-12,-0.0344,-0.047400000000000005,0.0012,0.006999999999999999,-0.0076,0.0338,0.0298,0.022764000000000003,0.002964,0.018536
1975-01,0.1367,0.1106,0.08259999999999999,0.0058,-0.0054,-0.0105,-0.1379,-0.006871,-0.115874,-0.054888000000000006
1975-02,0.0556,0.0012,-0.0447,0.0043,0.011699999999999999,-0.021099999999999997,-0.0058,-0.017211,0.035998999999999996,0.00596
1975-03,0.026600000000000002,0.0375,0.0242,0.0040999999999999995,0.0125,-0.0134,-0.0207,-0.006004000000000001,-0.017707999999999998,-0.018133
1975-04,0.042199999999999994,-0.0064,-0.0113,0.0044,0.0139,-0.0137,0.0152,-0.000732,0.033875999999999996,0.022006
1975-05,0.052000000000000005,0.0393,-0.0405,0.0044,-0.0113,-0.005600000000000001,-0.0058,-0.0014990000000000001,-0.002656,0.000118
1975-06,0.0487,0.008100000000000001,0.013500000000000002,0.0040999999999999995,-0.027000000000000003,0.010700000000000001,-0.0005,0.003256,-0.016697,-0.006962
1975-07,-0.066,0.026600000000000002,0.0176,0.0048,0.0046,0.0124,0.0034999999999999996,0.014609,-0.014023,0.017771
1975-08,-0.028399999999999998,-0.0317,-0.0091,0.0048,0.011000000000000001,-0.009899999999999999,-0.0016,-0.001929,0.007406,0.014185000000000001
1975-09,-0.0426,-0.0016,0.0033,0.0053,0.005699999999999999,0.005699999999999999,0.004,0.013630999999999999,0.016748,0.032854999999999995
1975-10,0.053200000000000004,-0.0408,0.0034999999999999996,0.005600000000000001,-0.005,0.022799999999999997,-0.0022,0.031191,0.025722000000000002,0.025228999999999998
1975-11,0.0265,-0.012199999999999999,0.0203,0.0040999999999999995,-0.0066,0.0174,-0.005,0.015598,0.007009,0.016091
1975-12,-0.016,-0.0087,0.017,0.0048,-0.0011,0.0077,-0.001,-6.5e-05,-0.022669,0.004899
1976-01,0.1215,0.0487,0.0863,0.004699999999999999,-0.0175,0.0233,0.043899999999999995,0.013922,-0.027109,0.009361000000000001
1976-02,0.0031,0.0697,0.0571,0.0034000000000000002,-0.0253,0.037000000000000005,0.0038,0.02228,-0.037043,0.008298999999999999
1976-03,0.0232,-0.011699999999999999,-0.0011,0.004,-0.0038,0.009899999999999999,0.0023,0.016797,0.023170000000000003,0.014938
1976-04,-0.0149,-0.0008,-0.0016,0.0042,0.0045000000000000005,-0.0105,0.0053,-0.009689999999999999,-0.002721,-0.00016
1976-05,-0.0134,-0.011899999999999999,-0.0129,0.0037,0.024300000000000002,-0.0139,-0.0106,-0.009974,0.004395,0.004123
1976-06,0.0406,-0.0132,0.0073,0.0043,-0.0066,0.0102,-0.0044,0.012993,-0.00012,0.009299
1976-07,-0.0106,0.0028000000000000004,0.0174,0.004699999999999999,-0.0103,0.003,-0.0015,0.008553,0.007289,0.016319999999999998
1976-08,-0.005699999999999999,-0.020499999999999997,0.0079,0.0042,-0.004,-0.005699999999999999,-0.0078000000000000005,-0.006025,-0.000654,0.006131
1976-09,0.0206,0.0008,-0.0031,0.0044,0.0098,-0.011399999999999999,0.002,-0.014878,0.010690999999999999,0.009598
1976-10,-0.0242,0.0014000000000000002,-0.0017000000000000001,0.0040999999999999995,-0.0019,-0.0037,-0.0042,-0.01097,0.003562,-0.0050929999999999994
1976-11,0.0036,0.023399999999999997,0.015300000000000001,0.004,-0.0131,0.0007000000000000001,0.0281,-0.00375,-0.006264,0.0011229999999999999
1976-12,0.0565,0.030299999999999997,0.0223,0.004,-0.0072,0.0241,0.0075,0.017918,-0.010638000000000002,0.01125
1977-01,-0.0403,0.0475,0.0432,0.0036,-0.0054,0.019299999999999998,0.0405,0.009971,-0.021647,0.016722
1977-02,-0.0194,0.0103,0.0045000000000000005,0.0034999999999999996,-0.0021,-0.0019,0.0034999999999999996,0.0010199999999999999,0.012447999999999999,0.004175
1977-03,-0.013500000000000002,0.009899999999999999,0.0109,0.0038,-0.0032,-0.0011,0.0068000000000000005,-0.002406,0.003094,-0.0040550000000000004
1977-04,0.0015,-0.0013,0.0338,0.0038,-0.019799999999999998,0.0104,0.04190000000000001,0.011632,0.003751,0.007813
1977-05,-0.0147,0.0125,0.008100000000000001,0.0037,0.0043,0.0022,0.020099999999999996,0.002327,0.017286,0.02701
1977-06,0.0472,0.0207,-0.0062,0.004,0.0091,-0.0127,0.016,-0.0071330000000000005,0.023376,0.029453
1977-07,-0.0169,0.0209,-0.006,0.0042,0.0076,0.0012,0.004,0.010568,0.016708,0.024563
1977-08,-0.0176,0.0155,-0.0277,0.0044,0.0103,-0.0067,-0.0163,-0.009315,0.015248999999999999,-0.000375
1977-09,-0.0027,0.015,-0.0026,0.0043,0.0091,-0.006500000000000001,0.0209,-0.000952,0.014336999999999999,0.015191
1977-10,-0.043899999999999995,0.011899999999999999,0.016200000000000003,0.0049,-0.0008,-0.0046,-0.0011,-0.006138,-0.01016,0.011840999999999999
1977-11,0.04,0.0368,0.0023,0.005,-0.0008,0.0068000000000000005,0.021400000000000002,0.012319,0.026075,0.014717000000000001
1977-12,0.0027,0.013600000000000001,-0.0029,0.0049,0.009300000000000001,-0.0066,0.016,0.001325,0.013322,0.018403
1978-01,-0.06,0.022799999999999997,0.0338,0.0049,-0.0179,0.015600000000000001,-0.005699999999999999,0.009362,-0.017987,0.001474
1978-02,-0.0139,0.0359,0.008100000000000001,0.0046,0.003,0.0105,0.0196,0.013587,-0.000164,0.016251
1978-03,0.0285,0.0344,0.0115,0.0053,-0.0055000000000000005,0.02,0.014499999999999999,0.024696,0.001699,0.001007
1978-04,0.0787,0.0036,-0.0354,0.0054,0.0288,-0.0127,0.0049,-0.002997,0.057025,0.005916
1978-05,0.0176,0.0453,-0.0055000000000000005,0.0051,0.002,0.0029,0.0276,0.008059,0.004763,0.007399
1978-06,-0.0169,0.0174,0.006,0.0054,-0.0141,-0.0012,0.0279,0.004894,0.013488,0.011257999999999999
1978-07,0.0512,0.0029,-0.01,0.005600000000000001,0.0147,-0.0073,0.04190000000000001,0.005254999999999999,0.016382,0.028224
1978-08,0.0378,0.0506,-0.0066,0.005600000000000001,0.015700000000000002,0.005,0.03,0.015791,0.023328,0.00489
1978-09,-0.0144,-0.0049,0.018799999999999997,0.0062,-0.0069,0.015700000000000002,-0.0319,0.0045590000000000006,-0.034056,-0.008337
1978-10,-0.11900000000000001,-0.0989,0.0126,0.0068000000000000005,0.0017000000000000001,0.011399999999999999,-0.08470000000000001,-0.00586,-0.022845,0.009464
1978-11,0.0271,0.030600000000000002,-0.0208,0.006999999999999999,0.0109,-0.011899999999999999,0.0545,-0.008922,0.013327,0.014927999999999999
1978-12,0.0087,0.011899999999999999,-0.021400000000000002,0.0078000000000000005,0.020099999999999996,-0.0147,0.0302,-0.017727,0.019521999999999998,0.025320999999999996
1979-01,0.042199999999999994,0.0355,0.0219,0.0077,-0.024,0.0158,-0.014199999999999999,0.02183,-0.007574999999999999,-0.01351
1979-02,-0.0356,0.0044,0.011699999999999999,0.0073,-0.0111,0.0096,-0.009899999999999999,-0.001902,-0.022831999999999998,0.005462
1979-03,0.0567,0.032,-0.0068000000000000005,0.008100000000000001,0.0054,0.0029,0.0291,0.013626000000000001,0.027658000000000002,0.006046
1979-04,-0.0007000000000000001,0.0217,0.011200000000000002,0.008,0.011399999999999999,0.0024,0.0088,0.010139,0.021609,-0.003043
1979-05,-0.022000000000000002,0.0021,0.0132,0.008199999999999999,-0.015600000000000001,-0.0031,-0.0058,-0.000738,-0.008454,0.005309
1979-06,0.0384,0.0113,0.014199999999999999,0.008100000000000001,-0.0158,-0.005600000000000001,0.0076,-0.006392,-0.009883999999999999,-0.018159
1979-07,0.0083,0.0129,0.0178,0.0077,-0.0031,0.0052,-0.010700000000000001,0.00736,0.0050490000000000005,-0.004671
1979-08,0.0554,0.019799999999999998,-0.0158,0.0077,0.0165,-0.0144,-0.0029,-0.003294,0.029837,0.000275
1979-09,-0.0083,-0.0026,-0.009399999999999999,0.0083,0.0097,0.0052,0.0528,0.001078,0.007604,0.029881
1979-10,-0.081,-0.0338,-0.0183,0.0087,0.0105,0.0013,0.0206,0.000719,0.010355000000000001,0.016994
1979-11,0.052199999999999996,0.0281,-0.0321,0.009899999999999999,-0.0007000000000000001,-0.0181,0.0806,-0.023975,0.023523000000000002,-0.003378
1979-12,0.0178,0.041299999999999996,-0.0213,0.0095,-0.0074,-0.0104,0.0473,-0.010321,0.011616,-0.001349
1980-01,0.055,0.016200000000000003,0.018500000000000003,0.008,-0.017,0.019299999999999998,0.0746,0.016028,0.017032000000000002,0.005241
1980-02,-0.0123,-0.018600000000000002,0.0059,0.0089,0.0007000000000000001,0.0294,0.0791,0.017583,0.02234,0.035407
1980-03,-0.129,-0.067,-0.0096,0.0121,0.015700000000000002,-0.010700000000000001,-0.0959,0.005386999999999999,-0.010959000000000002,-0.00916
1980-04,0.0395,0.0105,0.0103,0.0126,-0.0212,0.0033,-0.005,0.013242,0.001608,0.015362
1980-05,0.0526,0.020499999999999997,0.0038,0.008100000000000001,0.0038,-0.0062,-0.0118,-0.013951999999999999,-0.009439999999999999,-0.008744
1980-06,0.0298,0.0166,-0.008,0.0060999999999999995,-0.0015,-0.008199999999999999,0.0158,-0.008871,0.028322,0.007768000000000001
1980-07,0.06509999999999999,0.040999999999999995,-0.0629,0.0053,0.0406,-0.024399999999999998,0.0032,-0.021019999999999997,-0.003966,-0.032778
1980-08,0.0175,0.039,-0.0246,0.0064,0.020499999999999997,-0.0073,0.0308,0.005729,0.025543,0.016394
1980-09,0.0219,0.0096,-0.0461,0.0075,0.019,-0.0286,0.054400000000000004,-0.004566,0.052222,0.023826
1980-10,0.0104,0.0239,-0.029300000000000003,0.0095,0.0177,-0.0143,0.07139999999999999,0.004651,0.0426,0.027721
1980-11,0.096,-0.0327,-0.08109999999999999,0.0096,0.0426,-0.0552,0.1519,-0.019994,0.090793,0.005946
1980-12,-0.0446,-0.0028000000000000004,0.027999999999999997,0.0131,-0.0127,0.0127,-0.0669,0.009316999999999999,-0.012551000000000001,0.000577
1981-01,-0.0506,0.0291,0.0674,0.0104,-0.0338,0.042699999999999995,-0.079,0.024692,-0.049631999999999996,0.007177
1981-02,0.0060999999999999995,-0.004699999999999999,0.0097,0.010700000000000001,0.0026,0.0206,-0.0138,0.018212,0.007818,0.015538000000000001
1981-03,0.036699999999999997,0.0334,0.0060999999999999995,0.0121,-0.0227,-0.005600000000000001,0.0083,-0.019665,-0.014738,-0.017164
1981-04,-0.0216,0.045,0.022799999999999997,0.0108,0.008100000000000001,0.0154,-0.0108,0.024378999999999998,0.013121,0.010818000000000001
1981-05,0.0013,0.0194,-0.0043,0.0115,0.004699999999999999,-0.0178,0.0355,-0.004472,-0.001298,0.017081
1981-06,-0.023399999999999997,-0.0083,0.051399999999999994,0.013500000000000002,-0.0129,0.0269,-0.056900000000000006,0.026865,0.000106,0.017152
1981-07,-0.0155,-0.0207,-0.0060999999999999995,0.0124,0.0108,-0.026600000000000002,-0.0245,-0.020179,0.030314,-0.005516
1981-08,-0.0702,-0.0195,0.0471,0.0128,-0.0031,0.0138,-0.0109,0.014655,0.0062770000000000005,0.025028
1981-09,-0.0719,-0.0268,0.051100000000000007,0.0124,0.0008,0.0253,0.0213,0.031985,0.004489,0.039756
1981-10,0.0492,0.0213,-0.0409,0.0121,0.031200000000000002,-0.0279,0.0393,-0.010379000000000001,0.047942,-0.011902
1981-11,0.034,-0.0109,0.0191,0.010700000000000001,0.0014000000000000002,0.01,-0.002,0.008872999999999999,0.008794999999999999,0.02141
1981-12,-0.0363,0.0118,0.0079,0.0087,0.0021,0.0245,0.0127,0.018221,-0.0049440000000000005,0.013456
1982-01,-0.0323,-0.0125,0.0319,0.008,-0.0143,0.0195,0.0176,0.018318,-0.015757,0.006527
1982-02,-0.058600000000000006,0.0046,0.060899999999999996,0.0092,-0.0355,0.045700000000000005,0.0487,0.04650000000000001,0.0026079999999999996,0.029927000000000002
1982-03,-0.0182,-0.0019,0.037599999999999995,0.0098,-0.0128,0.023700000000000002,0.0291,0.018431,-0.017111,0.026198000000000003
1982-04,0.032400000000000005,0.016399999999999998,-0.0308,0.0113,0.015,-0.0005,-0.0046,0.012313000000000001,0.019487,0.0051270000000000005
1982-05,-0.0393,0.0017000000000000001,0.0178,0.0106,0.0096,-0.0012,0.025099999999999997,-0.00512,-0.004743,0.010688999999999999
1982-06,-0.0308,-0.0043,0.015600000000000001,0.0096,0.0009,0.0253,0.048799999999999996,0.024065,-0.003263,0.032751999999999996
1982-07,-0.032,0.0091,0.0007000000000000001,0.0105,0.01,0.0144,0.044000000000000004,0.020069,0.026424,0.038804
1982-08,0.11230000000000001,-0.042800000000000005,0.0109,0.0076,-0.018500000000000003,0.0017000000000000001,-0.0356,-0.002213,-0.011231,-0.027613
1982-09,0.0131,0.0287,0.0023,0.0051,0.0216,-0.0002,0.0414,0.0085,0.033738000000000004,0.034852
1982-10,0.113,0.023799999999999998,-0.0362,0.0059,0.002,-0.003,0.0,-0.009358,-0.0078000000000000005,-0.006213
1982-11,0.046799999999999994,0.0463,-0.018000000000000002,0.0063,-0.0102,0.0029,0.0591,0.015672,0.033069,0.039666
1982-12,0.005600000000000001,-0.0031,-0.0006,0.0067,0.0,0.01,0.0,0.006502,-0.005434,0.0006510000000000001
1983-01,0.0359,0.0282,-0.0072,0.0069,-0.0152,-0.005600000000000001,-0.016399999999999998,-0.004426,-0.021136,-0.017531
1983-02,0.0259,0.0318,0.0066,0.0062,-0.0036,0.0101,0.0371,0.013075000000000002,0.029996000000000002,0.018825
1983-03,0.0281,0.0175,0.0206,0.0063,-0.0019,0.027999999999999997,0.0088,0.029938,0.012433000000000001,0.020663
1983-04,0.0666,0.0046,0.0043,0.0070999999999999995,-0.0007000000000000001,0.0151,0.016399999999999998,0.022925,0.005919,0.023552
1983-05,0.0051,0.062,-0.013999999999999999,0.0069,-0.0181,-0.0143,-0.015600000000000001,-0.014251,-0.036243,-0.037552
1983-06,0.030699999999999998,0.009300000000000001,-0.038900000000000004,0.0067,0.0255,-0.0078000000000000005,0.018600000000000002,-0.010623,0.014859,0.026650999999999998
1983-07,-0.0406,0.015,0.0555,0.0074,-0.0007000000000000001,0.0288,-0.0308,0.028949,0.012589,0.030779
1983-08,-0.005,-0.0429,0.0559,0.0076,0.0052,0.018500000000000003,-0.0536,0.013166,-0.006845,0.0033090000000000003
1983-09,0.0092,0.0060999999999999995,0.009899999999999999,0.0076,0.0121,0.005,-0.0001,0.014397,0.032461000000000004,0.029618000000000002
1983-10,-0.034300000000000004,-0.0355,0.0496,0.0076,-0.008199999999999999,0.03,-0.044800000000000006,0.027548,0.014440999999999999,0.037265
1983-11,0.0217,0.0202,-0.0073,0.006999999999999999,-0.0068000000000000005,0.0064,-0.0013,0.010872,-0.0014960000000000002,-0.018036
1983-12,-0.0177,-0.0025,0.0175,0.0073,0.0155,0.013300000000000001,0.008199999999999999,0.013517,-0.015595000000000001,0.010984
1984-01,-0.0192,-0.0034999999999999996,0.0748,0.0076,-0.0088,0.0288,-0.025699999999999997,0.024228,-0.037976,0.009209
1984-02,-0.04769999999999999,-0.0168,0.0341,0.0070999999999999995,0.0104,0.0151,0.0045000000000000005,0.008169,-0.007000999999999999,0.007692
1984-03,0.006500000000000001,0.001,0.0053,0.0073,-0.0097,0.0115,0.011200000000000002,0.007466,-0.006839,0.013368
1984-04,-0.0051,-0.0116,0.011899999999999999,0.008100000000000001,0.033,0.0077,0.021400000000000002,0.011474,0.021303000000000002,0.024263
1984-05,-0.059800000000000006,0.0007000000000000001,0.0026,0.0078000000000000005,0.0241,-0.0051,0.0152,-0.014918,0.017997,0.018579000000000002
1984-06,0.0181,-0.0024,-0.0275,0.0075,0.0308,-0.015700000000000002,-0.0055000000000000005,-0.022259,0.017289000000000002,0.005008
1984-07,-0.027200000000000002,-0.022099999999999998,0.0031,0.008199999999999999,0.0351,-0.0219,0.0278,-0.011415,0.035581,0.026742
1984-08,0.1027,-0.0028000000000000004,-0.018000000000000002,0.0083,-0.006999999999999999,-0.009300000000000001,-0.055999999999999994,-0.005519,0.009726,0.002312
1984-09,-0.008,0.0012,0.052000000000000005,0.0086,0.0138,0.023799999999999998,0.0364,0.026158,0.002704,0.012575000000000001
1984-10,-0.0084,-0.011200000000000002,0.0062,0.01,0.011399999999999999,-0.0103,0.0329,-0.001135,0.02724,0.016083
1984-11,-0.0177,-0.0072,0.038599999999999995,0.0073,0.0079,0.0195,0.015700000000000002,0.022339,0.008297,0.015981000000000002
1984-12,0.0184,-0.0067,-0.0033,0.0064,0.0127,-0.0127,0.013999999999999999,-0.00792,0.025363000000000004,0.011578
1985-01,0.0797,0.0331,-0.051399999999999994,0.006500000000000001,-0.0098,-0.0347,-0.0677,-0.035211,0.009806,-0.017216
1985-02,0.012199999999999999,0.0068000000000000005,-0.0028000000000000004,0.0058,0.014199999999999999,0.011000000000000001,0.018600000000000002,0.010889,0.014552,0.02178
1985-03,-0.0083,-0.011200000000000002,0.0395,0.0062,0.0123,0.0287,0.0179,0.032834,0.009093,0.02147
1985-04,-0.0096,0.0013,0.0361,0.0072,0.0163,0.006999999999999999,0.029500000000000002,0.014486,0.001898,0.018246
1985-05,0.0507,-0.023,-0.0097,0.0066,0.0128,-0.0141,0.0406,-0.011163000000000001,0.032458999999999995,0.01521
1985-06,0.0127,0.0045000000000000005,0.0033,0.0055000000000000005,0.0169,-0.0103,0.0339,-0.001697,0.028262999999999996,0.017102
1985-07,-0.0072,0.028300000000000002,-0.016200000000000003,0.0062,-0.0037,-0.0037,-0.0385,-0.007196,-0.017567,0.013643
1985-08,-0.0101,-0.003,0.023399999999999997,0.0055000000000000005,-0.0018,0.019299999999999998,0.0178,0.020283000000000002,0.004442,0.009897
1985-09,-0.0451,-0.016200000000000003,0.0121,0.006,0.0111,0.0158,0.0159,0.019341,0.011396,0.017392
1985-10,0.04,-0.015,0.0077,0.006500000000000001,0.0086,-0.0106,0.048600000000000004,0.002643,0.022067999999999997,0.028804
1985-11,0.0646,0.0019,-0.0291,0.0060999999999999995,0.0034999999999999996,-0.0235,-0.0058,-0.016646,0.017816000000000002,-0.008764
1985-12,0.0388,-0.0053,-0.0146,0.006500000000000001,0.0096,-0.0177,-0.0023,-0.014584999999999999,0.017003,-0.010174
1986-01,0.006500000000000001,0.0115,0.0046,0.005600000000000001,-0.020099999999999996,-0.0199,0.0296,-0.0071860000000000005,0.016762,0.017891
1986-02,0.07139999999999999,-0.005699999999999999,-0.0063,0.0053,0.0115,-0.0123,0.0259,-0.013713999999999999,0.022295,0.007383
1986-03,0.049100000000000005,-0.0054,-0.0039000000000000003,0.006,0.0103,0.008100000000000001,0.024,0.012182,0.019308000000000002,0.015612
1986-04,-0.0128,0.0276,-0.0281,0.0052,0.028900000000000002,-0.001,-0.0034000000000000002,-0.01542,0.006012999999999999,0.000294
1986-05,0.0462,-0.013600000000000001,-0.0014000000000000002,0.0049,0.0207,0.011000000000000001,0.0209,0.013420000000000001,0.033508,0.010182
1986-06,0.0106,-0.009300000000000001,0.012,0.0052,0.018500000000000003,0.0083,0.0495,0.01768,0.052983,0.007829000000000001
1986-07,-0.0643,-0.034300000000000004,0.0466,0.0052,-0.005600000000000001,0.008100000000000001,0.019,0.014408,0.0317,0.02864
1986-08,0.060700000000000004,-0.0416,0.0354,0.0046,-0.0171,0.0332,-0.0516,0.030318,-0.027407,0.016736
1986-09,-0.0859,0.024,0.0323,0.0045000000000000005,-0.0017000000000000001,0.0371,-0.056900000000000006,0.032291,-0.039492,-0.0032740000000000004
1986-10,0.0464,-0.0253,-0.014199999999999999,0.0046,-0.0001,0.0101,0.0446,0.00579,0.014977,0.0060160000000000005
1986-11,0.011699999999999999,-0.0187,-0.0002,0.0039000000000000003,0.0098,0.006999999999999999,-0.0025,0.005031,0.012091000000000001,0.037656999999999996
1986-12,-0.0326,0.0019,0.0036,0.0049,0.0087,0.0009,0.0046,0.010893,0.018947000000000002,0.016562
1987-01,0.1245,-0.0189,-0.0318,0.0042,0.0017000000000000001,-0.0103,0.0206,-0.01276,0.009752,0.029234
1987-02,0.0438,0.0345,-0.058600000000000006,0.0043,-0.0079,-0.0255,-0.0223,-0.01919,0.021120999999999997,-0.005652000000000001
1987-03,0.0163,0.005,0.0166,0.004699999999999999,0.013000000000000001,0.0417,0.0166,0.042202,-0.011231,0.013167
1987-04,-0.0209,-0.0172,-0.0036,0.0044,-0.0052,0.0116,0.0021,0.0037059999999999997,-0.013747,0.0065390000000000005
1987-05,0.0011,-0.0053,0.0022,0.0038,0.0049,0.0113,-0.008,-0.0011819999999999999,-0.023378,-0.002275
1987-06,0.0391,-0.0203,0.0113,0.0048,0.015600000000000001,0.010700000000000001,-0.0022,0.014206000000000002,0.014749000000000002,-0.002308
1987-07,0.0384,-0.005699999999999999,0.009399999999999999,0.0046,-0.006500000000000001,0.0158,0.0258,0.001112,-0.018163,-0.006497
1987-08,0.0352,-0.0085,-0.0098,0.004699999999999999,0.021099999999999997,-0.0155,-0.0095,-0.002341,0.037974,0.025583
1987-09,-0.0258,0.0058,0.0026,0.0045000000000000005,-0.0088,0.0182,0.008,0.019144,0.005857,0.018455
1987-10,-0.23190000000000002,-0.0827,0.0418,0.006,0.0229,0.022400000000000003,-0.07719999999999999,0.032368,0.002133,0.025963
1987-11,-0.0776,0.0268,0.031400000000000004,0.0034999999999999996,-0.019299999999999998,0.006,-0.0123,0.005775,-0.0066679999999999994,0.008821
1987-12,0.0682,0.0003,-0.044199999999999996,0.0039000000000000003,0.0313,-0.0246,0.0587,-0.024387,0.038871,0.017017
1988-01,0.0421,-0.0075,0.0493,0.0029,-0.011899999999999999,0.021,-0.0736,0.01324,-0.040742,-0.01761
1988-02,0.04769999999999999,0.0333,-0.015300000000000001,0.0046,0.0151,0.0006,-0.0147,-0.006194,0.01044,-0.0054210000000000005
1988-03,-0.0226,0.0601,0.0086,0.0044,-0.0023,0.0178,0.005600000000000001,0.01675,-0.021575999999999998,-0.020291999999999998
1988-04,0.005699999999999999,0.0091,0.0151,0.0046,-0.0009,0.019,0.022099999999999998,0.021363,0.00647,0.009078000000000001
1988-05,-0.0027,-0.0254,0.024399999999999998,0.0051,-0.0077,0.003,0.0066,0.004709,-0.0017480000000000002,0.013040000000000001
1988-06,0.0478,0.0202,-0.013500000000000002,0.0049,0.0152,-0.0352,-0.0302,-0.032492,0.022274,0.018308
1988-07,-0.0125,-0.0024,0.0218,0.0051,-0.005,0.0154,0.006500000000000001,0.011196999999999999,-0.011424,0.00037400000000000004
1988-08,-0.0331,0.0008,0.0216,0.0059,-0.0087,0.0166,0.0036,0.016730000000000002,-0.021646000000000002,-0.001991
1988-09,0.0331,-0.0137,-0.0079,0.0062,0.0178,-0.0058,0.0029,-0.004307,0.021612,0.008217
1988-10,0.0116,-0.0294,0.02,0.0060999999999999995,0.013999999999999999,0.0098,0.0131,0.005003,0.00054,0.006671
1988-11,-0.0227,-0.0166,0.0144,0.005699999999999999,-0.0034999999999999996,0.0163,0.002,0.013895999999999999,-0.004932000000000001,0.0037619999999999997
1988-12,0.0148,0.0191,-0.0183,0.0063,0.0068000000000000005,-0.0037,0.0032,0.004546,0.007842,0.0051459999999999995
1989-01,0.060700000000000004,-0.022000000000000002,0.0059,0.0055000000000000005,-0.0097,0.0011,-0.002,0.000128,-0.003453,0.015588999999999999
1989-02,-0.0223,0.028300000000000002,0.0101,0.0060999999999999995,-0.0085,0.0189,0.0101,0.016398,-0.003848,-0.001581
1989-03,0.015700000000000002,0.006999999999999999,0.0052,0.0067,-0.0002,0.0067,0.035,0.012741,-0.001489,0.007383999999999999
1989-04,0.0435,-0.006500000000000001,-0.0144,0.0067,0.0072,-0.0046,0.018000000000000002,-0.002782,0.011647000000000001,-0.002741
1989-05,0.032799999999999996,-0.0008,-0.009000000000000001,0.0079,0.0045000000000000005,-0.0025,0.0146,0.000968,0.012124999999999999,0.003677
1989-06,-0.013300000000000001,-0.0095,0.0223,0.0070999999999999995,0.0012,0.015300000000000001,0.0044,0.016069,-0.001648,-0.009566
1989-07,0.0718,-0.041100000000000005,-0.027999999999999997,0.006999999999999999,0.020499999999999997,-0.0055000000000000005,0.053200000000000004,-0.004497,0.049025,0.024737
1989-08,0.0143,0.005699999999999999,0.0062,0.0074,0.0036,-0.0060999999999999995,-0.004699999999999999,-0.00398,0.016888,0.0016270000000000002
1989-09,-0.0076,0.003,-0.0127,0.006500000000000001,0.0139,0.0058,0.0349,0.011966000000000001,0.01634,0.019131
1989-10,-0.0365,-0.032400000000000005,-0.0116,0.0068000000000000005,0.0008,-0.0011,0.013600000000000001,0.012995000000000001,0.014138,0.023385
1989-11,0.0104,-0.011899999999999999,-0.0113,0.0069,-0.0074,0.0138,0.0268,0.016439,0.002395,-0.006515
1989-12,0.0118,-0.023700000000000002,0.0015,0.0060999999999999995,-0.0007000000000000001,0.0131,0.0277,0.015769,0.010693999999999999,0.024171
1990-01,-0.078,-0.011399999999999999,0.0083,0.005699999999999999,-0.011200000000000002,0.013999999999999999,-0.03,0.00923,0.00037600000000000003,-0.0022500000000000003
1990-02,0.011200000000000002,0.0097,0.006500000000000001,0.005699999999999999,-0.0004,-0.0060999999999999995,-0.0051,-0.010981000000000001,-0.003986,0.0009329999999999999
1990-03,0.0183,0.0147,-0.028999999999999998,0.0064,0.0199,-0.009399999999999999,0.0173,-0.0036609999999999998,0.022961,0.016929
1990-04,-0.0336,-0.004699999999999999,-0.025699999999999997,0.0069,0.0178,-0.01,0.0231,-0.007911,0.019791,0.006202
1990-05,0.0843,-0.0256,-0.038900000000000004,0.0068000000000000005,0.0168,-0.0163,0.031200000000000002,-0.008545,0.037395,0.026255999999999998
1990-06,-0.0109,0.013500000000000002,-0.02,0.0063,-0.009899999999999999,-0.0039000000000000003,0.025099999999999997,0.002445,0.022296,-0.00271
1990-07,-0.019,-0.030899999999999997,-0.0006,0.0068000000000000005,-0.001,0.0322,0.0604,0.040156,0.025585,-6.4e-05
1990-08,-0.1012,-0.035,0.015600000000000001,0.0066,-0.0048,0.029900000000000003,0.0196,0.037146,-0.009982999999999999,0.012761
1990-09,-0.0611,-0.0364,0.0059,0.006,0.0003,0.0362,0.0576,0.026112000000000003,-0.004459,0.027355
1990-10,-0.0192,-0.0552,0.0008,0.0068000000000000005,0.0317,-0.0025,0.06709999999999999,0.002614,0.020708,0.030513
1990-11,0.0635,0.0042,-0.0297,0.005699999999999999,0.0058,-0.0471,-0.0546,-0.039788000000000004,0.015403,-0.008035
1990-12,0.0246,0.0079,-0.015700000000000002,0.006,0.026600000000000002,-0.019799999999999998,0.0024,-0.019547000000000002,0.038593999999999996,0.01474
1991-01,0.046900000000000004,0.0378,-0.0148,0.0052,0.0134,-0.0407,-0.0645,-0.039603,0.001568,0.015893
1991-02,0.0719,0.0401,-0.0062,0.0048,-0.0006,-0.0034000000000000002,-0.049,0.0015429999999999999,-0.012377,-0.006690000000000001
1991-03,0.026600000000000002,0.0388,-0.013000000000000001,0.0044,-0.0052,-0.009899999999999999,0.0274,-0.009243,0.016805,0.000357
1991-04,-0.0028000000000000004,0.005,0.0149,0.0053,0.0067,0.008100000000000001,-0.0233,0.0046110000000000005,0.014025000000000001,0.006155000000000001
1991-05,0.0366,-0.0039000000000000003,-0.0052,0.004699999999999999,0.0207,-0.0236,-0.001,-0.019653,-0.007267,-0.010449
1991-06,-0.049400000000000006,0.0018,0.0108,0.0042,0.0175,0.0068000000000000005,0.0042,0.006085,0.013734999999999999,0.004771
1991-07,0.0424,-0.0096,-0.013000000000000001,0.0049,0.016,-0.0144,0.0426,-0.006417000000000001,0.030551,0.003917
1991-08,0.0232,0.0158,-0.0079,0.0046,0.0085,-0.0032,0.0158,-0.00033099999999999997,0.01164,-0.002441
1991-09,-0.0159,0.0168,-0.0123,0.0046,-0.0177,-0.0004,0.0174,-0.00826,-0.0036320000000000002,0.001958
1991-10,0.0129,0.0077,-0.0043,0.0042,-0.0165,-0.003,0.0318,0.013525,-0.000458,0.032045
1991-11,-0.042,-0.0051,-0.0177,0.0039000000000000003,0.011000000000000001,-0.0012,0.0118,0.0030080000000000003,0.033017,0.0034300000000000003
1991-12,0.1085,-0.0226,-0.042300000000000004,0.0038,0.036699999999999997,-0.031400000000000004,0.0827,-0.020274,0.06768099999999999,-0.004707
1992-01,-0.0059,0.0848,0.0467,0.0034000000000000002,-0.011699999999999999,0.0325,-0.024900000000000002,0.015012000000000001,-0.040637999999999994,0.015352
1992-02,0.0108,0.0083,0.06509999999999999,0.0028000000000000004,0.0007000000000000001,0.0225,-0.0069,0.022643,0.007481,0.022073
1992-03,-0.0265,-0.0097,0.0349,0.0034000000000000002,-0.0006,0.0182,-0.0024,0.02013,0.010079,0.020121000000000003
1992-04,0.0109,-0.061200000000000004,0.0436,0.0032,0.0165,0.024,-0.025099999999999997,0.018091,-0.017003,0.02008
1992-05,0.003,0.0040999999999999995,0.0111,0.0028000000000000004,-0.0091,0.0049,0.0007000000000000001,0.002976,-0.002082,-0.007542
1992-06,-0.0233,-0.031,0.032400000000000005,0.0032,-0.0006,0.0095,-0.005699999999999999,0.006421,0.010551,0.00779
1992-07,0.0378,-0.0045000000000000005,-0.0051,0.0031,0.0124,-0.0097,0.015300000000000001,0.003936,0.025507,-0.000224
1992-08,-0.023799999999999998,-0.001,-0.0109,0.0026,0.0366,-0.016399999999999998,-0.0049,-0.007756,0.015182,-0.00869
1992-09,0.011899999999999999,0.0055000000000000005,-0.0019,0.0026,0.0161,-0.0068000000000000005,0.0141,-0.003973,0.023988999999999996,-0.008277
1992-10,0.0102,0.021099999999999997,-0.019799999999999998,0.0023,0.011899999999999999,-0.0091,0.0259,-0.0035809999999999995,0.021276000000000003,0.006099
1992-11,0.0414,0.0368,-0.0152,0.0023,-0.0054,-0.0158,-0.0023,-0.011718,0.009394,-0.001345
1992-12,0.015300000000000001,0.0165,0.0264,0.0028000000000000004,-0.0052,0.0083,0.0446,0.014049,0.018236000000000002,0.010373
1993-01,0.009300000000000001,0.0189,0.059000000000000004,0.0023,-0.019,0.0294,0.0484,0.029831,-0.014457,0.000603
1993-02,0.0012,-0.0339,0.06480000000000001,0.0022,-0.004699999999999999,0.0415,0.031200000000000002,0.036548,-0.014702,0.021425999999999997
1993-03,0.0232,0.0029,0.0126,0.0025,-0.0022,0.008199999999999999,0.037200000000000004,0.00929,0.01788,0.0056489999999999995
1993-04,-0.0305,-0.0062,0.0255,0.0024,-0.0369,0.0138,0.0036,0.01202,-0.030670000000000003,0.019945
1993-05,0.028900000000000002,0.0206,-0.0346,0.0022,-0.0014000000000000002,-0.0103,0.002,-0.008419,-0.005587999999999999,-0.002747
1993-06,0.003,-0.003,0.0264,0.0025,-0.0091,0.0116,0.0455,0.018271,0.030041,0.014776000000000001
1993-07,-0.0034000000000000002,0.0096,0.0287,0.0024,-0.0184,0.0207,0.0323,0.014545999999999998,-0.005463,0.008636
1993-08,0.037200000000000004,0.0012,0.0018,0.0025,-0.0148,0.0003,0.0259,-0.000543,0.004545,0.007699
1993-09,-0.0012,0.030699999999999998,-0.0024,0.0026,0.002,-0.0016,0.0344,0.0027500000000000003,0.009292,0.013905
1993-10,0.014199999999999999,0.0199,-0.0278,0.0022,0.0063,0.005600000000000001,-0.0269,-0.005679,-0.014094,-0.014171
1993-11,-0.0187,-0.0126,-0.0078000000000000005,0.0025,0.0225,-0.0105,-0.048,-0.007537,-0.007098999999999999,0.001391
1993-12,0.0165,0.0118,0.0025,0.0023,0.0115,-0.0034000000000000002,0.0236,-0.002506,0.02382,0.022753000000000002
1994-01,0.0287,0.0034000000000000002,0.011000000000000001,0.0025,-0.015700000000000002,0.0137,0.001,0.01129,-0.009212,0.009313
1994-02,-0.0255,0.0276,-0.0152,0.0021,0.0208,-0.009399999999999999,-0.0038,-0.004707,0.026649,0.015942
1994-03,-0.0479,-0.0108,0.0167,0.0027,0.0068000000000000005,0.0141,-0.0131,0.009981,0.001938,0.013656999999999999
1994-04,0.0068000000000000005,-0.009300000000000001,0.0166,0.0027,0.0104,0.011200000000000002,0.0034000000000000002,0.012717000000000001,0.015271,0.015135000000000001
1994-05,0.0058,-0.0208,0.006,0.0032,0.0066,0.006,-0.0207,0.005112,-0.007549,0.014247000000000001
1994-06,-0.0304,-0.0042,0.0177,0.0031,0.0109,0.0149,-0.0088,0.009219,0.001928,0.013292
1994-07,0.0282,-0.0177,0.0059,0.0028000000000000004,-0.0063,0.0011,0.0012,0.004255,0.0071530000000000005,-0.000849
1994-08,0.04019999999999999,0.015300000000000001,-0.026000000000000002,0.0037,0.01,-0.0152,0.0154,-0.006856,0.020699000000000002,0.026926000000000002
1994-09,-0.022799999999999997,0.030299999999999997,-0.0179,0.0037,0.0054,0.0104,0.0131,0.0058779999999999995,0.010909,0.009745
1994-10,0.013500000000000002,-0.0216,-0.0167,0.0038,0.0023,-0.0079,0.0143,0.00161,0.003556,0.024472
1994-11,-0.0403,0.0033,-0.0074,0.0037,0.0046,-0.004699999999999999,-0.0015,-0.010037,0.013704000000000001,0.014424
1994-12,0.0086,0.0015,-0.001,0.0044,0.004,0.0034000000000000002,0.0346,0.012916,0.039830000000000004,0.037207
1995-01,0.018000000000000002,-0.0349,0.0258,0.0042,0.0018,-0.0066,-0.0181,5e-06,-0.00058,0.011175
1995-02,0.0363,-0.005699999999999999,0.0098,0.004,0.0058,-0.0034000000000000002,-0.0043,-0.008409,0.005139,0.012112000000000001
1995-03,0.0219,-0.0018,-0.0216,0.0046,-0.001,0.0022,0.0043,0.001711,0.012539,0.007591
1995-04,0.021099999999999997,-0.0052,0.0167,0.0044,0.0044,0.008199999999999999,0.0179,5.1000000000000006e-05,0.001381,0.034527999999999996
1995-05,0.028999999999999998,-0.0253,0.022799999999999997,0.0054,0.0038,0.0002,-0.0054,0.008565,-0.010113,0.014601
1995-06,0.027200000000000002,0.031400000000000004,-0.0252,0.004699999999999999,-0.0025,-0.024,0.0302,-0.017413,0.021342,0.018182
1995-07,0.0371,0.021099999999999997,-0.015700000000000002,0.0045000000000000005,0.0024,-0.015600000000000001,0.0254,-0.025434000000000002,0.009424,0.003155
1995-08,0.0055000000000000005,0.0131,0.0268,0.004699999999999999,-0.0116,0.0149,0.0014000000000000002,0.021972000000000002,0.001416,0.012923
1995-09,0.0336,-0.0217,-0.0011,0.0043,0.0098,0.004,0.0287,0.019384,0.013914,0.03129
1995-10,-0.0151,-0.0381,-0.0048,0.004699999999999999,0.0191,-0.0009,0.0418,0.007796,0.027822,0.044627
1995-11,0.039599999999999996,-0.011200000000000002,0.0052,0.0042,-0.0054,0.01,-0.0072,0.011281000000000001,-0.002406,-0.012669999999999999
1995-12,0.0104,0.0066,0.0024,0.0049,-0.0144,0.0302,0.025,0.031223,0.002754,0.003903
1996-01,0.0226,-0.0282,0.0045000000000000005,0.0043,0.0028000000000000004,0.0229,0.0055000000000000005,0.024535,-0.015105,0.01402
1996-02,0.013300000000000001,0.0178,-0.0105,0.0039000000000000003,0.0017000000000000001,-0.018799999999999997,0.005699999999999999,-0.009883,0.031398,0.007483999999999999
1996-03,0.0074,0.0144,0.0042,0.0039000000000000003,0.0147,-0.0095,-0.018500000000000003,-0.007135,0.002496,-0.013354999999999999
1996-04,0.0206,0.052000000000000005,-0.039599999999999996,0.0046,-0.002,-0.0202,-0.0096,-0.018058,0.028668999999999997,0.011733
1996-05,0.0236,0.0321,-0.0091,0.0042,0.0006,-0.0034000000000000002,0.016,0.010228,0.018678,-0.014309
1996-06,-0.0113,-0.04,0.0233,0.004,0.0349,0.012,0.01,0.017396000000000002,0.008662,0.016989
1996-07,-0.0596,-0.0431,0.0519,0.0045000000000000005,0.0292,0.026600000000000002,-0.0015,0.020177999999999998,0.024154,0.029384
1996-08,0.0277,0.0245,-0.008,0.0040999999999999995,-0.0039000000000000003,-0.0248,-0.0001,-0.018525,0.001335,-0.013692
1996-09,0.0501,-0.0102,-0.0275,0.0044,0.0131,-0.0212,0.026600000000000002,-0.01744,0.022062,0.029265
1996-10,0.0087,-0.043899999999999995,0.0487,0.0042,0.0138,0.029500000000000002,0.0379,0.036649,0.018816,0.032194
1996-11,0.0625,-0.04019999999999999,0.0138,0.0040999999999999995,0.0209,-0.0070999999999999995,-0.023399999999999997,-0.013068999999999999,0.008199,0.053918999999999995
1996-12,-0.017,0.0313,0.0127,0.0046,0.0024,0.0148,0.0058,0.01225,0.009375,0.01755
1997-01,0.0496,-0.0194,-0.0143,0.0045000000000000005,0.0123,-0.0006,0.0192,-0.006472,0.018135,0.025644
1997-02,-0.0048,-0.0317,0.0562,0.0039000000000000003,0.0070999999999999995,0.0347,-0.0208,0.029058,-0.015285,0.006441
1997-03,-0.050199999999999995,-0.0033,0.0337,0.0043,0.004,0.0155,0.009000000000000001,0.017476000000000002,0.017735,0.0020399999999999997
1997-04,0.0404,-0.0576,0.0003,0.0043,0.0333,-0.0101,0.0484,-0.018787,0.038626999999999995,0.02996
1997-05,0.0673,0.0513,-0.041299999999999996,0.0049,-0.0102,-0.0277,-0.052000000000000005,-0.032303,-0.002212,-0.014950000000000001
1997-06,0.040999999999999995,0.011899999999999999,0.0147,0.0037,0.0053,0.0045000000000000005,0.026000000000000002,0.002331,0.021033,0.001002
1997-07,0.0731,-0.0273,0.0013,0.0043,0.0018,-0.0256,0.0369,-0.030432,0.012832,0.0128
1997-08,-0.040999999999999995,0.07150000000000001,0.0113,0.0040999999999999995,-0.0102,-0.0017000000000000001,-0.0264,-0.006987,-0.01413,0.004497
1997-09,0.053399999999999996,0.0254,0.0024,0.0044,-0.0158,-0.009300000000000001,0.0148,-0.0013020000000000002,-0.010486,-0.02619
1997-10,-0.038,-0.0070999999999999995,0.0233,0.0042,0.0075,0.020099999999999996,-0.0054,0.026441,-0.010661,-0.014296999999999999
1997-11,0.029900000000000003,-0.051100000000000007,0.012199999999999999,0.0039000000000000003,0.0308,0.0173,0.0042,0.028822,0.013996,0.036689
1997-12,0.013300000000000001,-0.0248,0.0374,0.0048,0.0064,0.0195,0.0393,0.022149000000000002,0.015968,-0.024333999999999998
1998-01,0.0015,-0.0101,-0.0168,0.0043,0.0091,-0.0062,0.0008,-0.012083,0.021792,0.025945999999999997
1998-02,0.0703,0.0013,-0.009300000000000001,0.0039000000000000003,-0.0037,-0.0258,-0.011899999999999999,-0.024542,0.011318,-0.003065
1998-03,0.047599999999999996,-0.011899999999999999,0.0138,0.0039000000000000003,-0.0055000000000000005,-0.0023,0.021400000000000002,0.004631,-0.0013469999999999999,-0.011113
1998-04,0.0074,0.0006,0.0103,0.0043,-0.0168,-0.0036,0.0068000000000000005,0.0019470000000000002,-0.001869,0.022992
1998-05,-0.030699999999999998,-0.034,0.0341,0.004,0.0103,0.024700000000000003,0.0197,0.022286,0.017728,0.0106
1998-06,0.0319,-0.0317,-0.0203,0.0040999999999999995,-0.0026,-0.030299999999999997,0.0805,-0.015542,0.031623,0.004126
1998-07,-0.0242,-0.0482,-0.0181,0.004,0.016399999999999998,0.0077,0.0379,0.018809,0.009699,0.028068
1998-08,-0.1605,-0.0546,0.0359,0.0043,0.0341,0.057699999999999994,0.0187,0.05454,0.030571,0.067072
1998-09,0.061900000000000004,0.0,-0.0351,0.0046,-0.0182,-0.028300000000000002,-0.0069,-0.030881,-0.018233,0.01287
1998-10,0.0698,-0.0297,-0.023700000000000002,0.0032,0.0092,0.0016,-0.053399999999999996,-0.009587,0.006464,-0.005075
1998-11,0.060700000000000004,0.012199999999999999,-0.0317,0.0031,-0.0102,-0.009300000000000001,0.011399999999999999,-0.000212,0.013701000000000001,0.012968
1998-12,0.061500000000000006,-0.004699999999999999,-0.0425,0.0038,-0.0073,-0.0325,0.0888,-0.029346999999999998,0.029232,-0.022561
1999-01,0.0348,0.0066,-0.044199999999999996,0.0034999999999999996,-0.0285,-0.0642,0.0285,-0.044721000000000004,-0.032521,-0.010719000000000001
1999-02,-0.0408,-0.0599,0.0189,0.0034999999999999996,-0.011899999999999999,0.0404,-0.0008,0.048096,0.000164,6.7e-05
1999-03,0.0348,-0.0387,-0.0256,0.0043,-0.041100000000000005,-0.0104,-0.0121,0.003041,-0.006977,0.004114
1999-04,0.0434,0.0388,0.023799999999999998,0.0037,-0.025,0.008199999999999999,-0.0892,0.026762,-0.051426999999999994,0.004645
1999-05,-0.0246,0.0334,0.025,0.0034000000000000002,0.0098,0.031400000000000004,-0.0528,0.0045000000000000005,0.006815,0.018823
1999-06,0.04769999999999999,0.0321,-0.0322,0.004,0.0088,-0.028900000000000002,0.0466,-0.021117,0.023978000000000003,0.043410000000000004
1999-07,-0.0349,0.024900000000000002,-0.0018,0.0038,0.0031,0.0329,0.017,0.034321000000000004,0.010275000000000001,0.019798
1999-08,-0.0137,-0.009399999999999999,-0.0192,0.0039000000000000003,-0.0016,0.0066,0.029300000000000003,-0.012025,-0.00028199999999999997,0.046324
1999-09,-0.0277,0.0313,-0.028999999999999998,0.0039000000000000003,-0.0096,-0.009899999999999999,0.064,-0.013804,-0.001655,-0.010397
1999-10,0.060899999999999996,-0.0693,-0.0288,0.0039000000000000003,-0.0169,-0.0089,0.0541,0.00333,0.020337,0.017896000000000002
1999-11,0.0341,0.0684,-0.0565,0.0036,-0.0418,-0.018500000000000003,0.055,-0.039321,-0.030025,0.011736
1999-12,0.0766,0.0652,-0.0767,0.0044,-0.08070000000000001,-0.058600000000000006,0.1315,-0.054878,-0.054443,-0.005785
2000-01,-0.047400000000000005,0.0512,-0.011000000000000001,0.0040999999999999995,-0.0608,0.044800000000000006,0.0184,0.02936,-0.049996,0.006385999999999999
2000-02,0.0246,0.2134,-0.0973,0.0043,-0.1893,-0.0106,0.1805,-0.053981,-0.075511,-0.031091999999999998
2000-03,0.0521,-0.1739,0.0848,0.004699999999999999,0.1162,-0.012,-0.06860000000000001,0.018387,0.076729,0.035637
2000-04,-0.0639,-0.0603,0.0645,0.0046,0.0806,0.055999999999999994,-0.0859,0.037864,0.08708,0.050953
2000-05,-0.043899999999999995,-0.060700000000000004,0.0458,0.005,0.0406,0.014499999999999999,-0.08929999999999999,0.005031,0.000211,0.037098
2000-06,0.046799999999999994,0.12689999999999999,-0.0803,0.004,-0.08289999999999999,-0.0318,0.1664,-0.033835000000000004,-0.0479,-0.017252
2000-07,-0.0248,-0.0282,0.081,0.0048,0.057,0.029900000000000003,-0.0018,0.022532,0.03451,0.032454000000000004
2000-08,0.0703,-0.005,-0.013999999999999999,0.005,-0.030600000000000002,0.0123,0.056100000000000004,-0.008053,-0.020812,-0.010175
2000-09,-0.054400000000000004,-0.0172,0.0722,0.0051,0.0271,0.0555,0.0189,0.052241,0.020882,0.007368
2000-10,-0.0278,-0.0383,0.0564,0.005600000000000001,0.09539999999999998,0.037000000000000005,-0.0451,0.029158,0.073325,0.065426
2000-11,-0.107,-0.030699999999999998,0.1225,0.0051,0.1304,0.0834,-0.0218,0.074416,0.10367599999999999,0.109032
2000-12,0.0118,0.0085,0.0754,0.005,0.0192,0.048499999999999995,0.0662,0.063547,0.051895,0.004939
2001-01,0.0325,0.0639,-0.0506,0.0054,-0.052000000000000005,-0.052199999999999996,-0.2536,-0.071267,-0.10788199999999999,-0.061002
2001-02,-0.1003,-0.0064,0.1222,0.0038,0.0911,0.09,0.1268,0.09224500000000001,0.051507,0.063573
2001-03,-0.0725,0.0027,0.0649,0.0042,0.0335,0.037200000000000004,0.0858,0.037502,0.034512999999999995,0.026761
2001-04,0.0793,0.004699999999999999,-0.0467,0.0039000000000000003,-0.0318,-0.032400000000000005,-0.0796,-0.037545,0.000766,-0.053426999999999995
2001-05,0.0068000000000000005,0.024900000000000002,0.0339,0.0032,0.003,0.019799999999999998,0.024300000000000002,0.023808,-0.025432,-0.0016070000000000001
2001-06,-0.0194,0.0632,-0.012,0.0028000000000000004,0.015600000000000001,-0.017,0.0060999999999999995,-0.018003,-0.007891,0.019879
2001-07,-0.0213,-0.0406,0.0495,0.003,0.0729,0.028999999999999998,0.0547,0.013600000000000001,0.039596,0.056378000000000004
2001-08,-0.064,0.0219,0.0286,0.0031,0.0381,0.0653,0.054900000000000004,0.056561,0.042861,0.057133
2001-09,-0.0924,-0.0623,0.0152,0.0028000000000000004,0.050300000000000004,0.0335,0.114,0.028628999999999998,0.091792,0.057397000000000004
2001-10,0.0248,0.07490000000000001,-0.0731,0.0022,-0.0298,-0.0436,-0.084,-0.029806,-0.04372499999999999,-0.005966
2001-11,0.0753,-0.005699999999999999,0.0217,0.0017000000000000001,-0.0349,-0.0168,-0.0862,-0.011338999999999998,-0.084934,-0.02889
2001-12,0.0161,0.0472,0.0083,0.0015,0.0026,-0.0028000000000000004,0.0005,-0.00166,0.005409000000000001,-0.020669
2002-01,-0.0144,0.011699999999999999,0.0342,0.0014000000000000002,0.0473,0.028300000000000002,0.0366,0.032309000000000004,0.0030930000000000003,0.042344999999999994
2002-02,-0.023,-0.0108,0.023399999999999997,0.0013,0.0803,0.051,0.0688,0.044421999999999996,0.053222,0.037609
2002-03,0.0424,0.0409,0.0108,0.0013,-0.0183,0.0066,-0.0166,0.007844,-0.047008,-0.004850999999999999
2002-04,-0.0521,0.0582,0.0401,0.0015,0.045899999999999996,0.0535,0.07690000000000001,0.040822000000000004,0.05468,0.040791
2002-05,-0.013600000000000001,-0.0327,0.0152,0.0014000000000000002,0.0231,0.0253,0.031200000000000002,0.021984,0.018193,0.006142
2002-06,-0.0723,0.0408,0.0037,0.0013,0.0392,0.026600000000000002,0.0622,0.031216,0.053716,0.015255000000000001
2002-07,-0.0819,-0.0524,-0.0358,0.0015,0.0382,-0.011200000000000002,0.0365,0.019831,0.067066,0.048827999999999996
2002-08,0.005,-0.0279,0.0296,0.0014000000000000002,0.0137,-0.0139,0.0184,-0.008717,0.02538,-0.0172
2002-09,-0.10339999999999999,0.0242,0.0127,0.0014000000000000002,0.032799999999999996,-0.023,0.09,-0.021398,0.044475,0.010693999999999999
2002-10,0.0784,-0.034,-0.0374,0.0014000000000000002,-0.0316,0.0074,-0.0547,0.0028139999999999997,-0.04582,0.015181
2002-11,0.0596,0.0325,-0.0123,0.0012,-0.0924,0.051699999999999996,-0.16449999999999998,0.032701,-0.111802,-0.031065
2002-12,-0.0576,-0.0003,0.0216,0.0011,0.0632,-0.0179,0.0971,-0.022709,0.053143,0.022706
2003-01,-0.025699999999999997,0.0134,-0.0084,0.001,-0.009300000000000001,0.006999999999999999,0.015300000000000001,0.007019,-0.006197,0.008168
2003-02,-0.018799999999999997,-0.0040999999999999995,-0.014199999999999999,0.0009,0.008,-0.0068000000000000005,0.0121,-0.0012740000000000002,0.009056999999999999,0.014001
2003-03,0.0109,0.0116,-0.0206,0.001,0.0168,-0.008,0.014199999999999999,-0.0016769999999999999,0.033637,-0.009015
2003-04,0.0818,0.0075,0.012,0.001,-0.046799999999999994,0.0096,-0.0932,0.010376000000000002,-0.044714000000000004,-0.029337
2003-05,0.0605,0.0461,0.0063,0.0009,-0.0695,0.030899999999999997,-0.1072,0.018477,-0.082984,-0.016186
2003-06,0.014199999999999999,0.0169,0.002,0.001,0.0044,-0.0039000000000000003,-0.0124,-0.0108,0.010740000000000001,-0.001021
2003-07,0.0233,0.0493,-0.0154,0.0007000000000000001,-0.039,0.015300000000000001,-0.0028000000000000004,0.023008999999999998,-0.017611,-0.008676
2003-08,0.0233,0.024399999999999998,0.016399999999999998,0.0007000000000000001,-0.0229,0.0215,-0.0058,0.023462,-0.012428,-0.016772
2003-09,-0.0124,0.0085,0.0014000000000000002,0.0008,0.009000000000000001,0.0040999999999999995,-0.0007000000000000001,0.002267,0.012832,0.023361999999999997
2003-10,0.0608,0.0259,0.022099999999999998,0.0007000000000000001,-0.0138,0.0165,0.04,0.010118,-0.017311,-0.005457
2003-11,0.013500000000000002,0.0206,0.0172,0.0007000000000000001,0.0021,0.0168,0.0137,0.02326,0.0078000000000000005,0.004776
2003-12,0.0429,-0.0268,0.0151,0.0008,0.005699999999999999,0.0085,-0.0553,0.007922,-0.017557,-0.013792
2004-01,0.0215,0.0254,0.0242,0.0007000000000000001,-0.036000000000000004,0.0333,0.0256,0.020467,-0.024195,0.008519
2004-02,0.013999999999999999,-0.015700000000000002,0.0095,0.0006,0.0213,-0.011699999999999999,-0.0118,-0.008838,0.021379000000000002,-0.000168
2004-03,-0.0132,0.0173,0.0023,0.0009,0.0165,-0.0098,0.002,-0.007363,0.017547,-0.011076999999999998
2004-04,-0.0181,-0.0173,-0.0323,0.0008,0.0346,-0.028300000000000002,-0.0537,-0.028967,0.00012,0.014229
2004-05,0.0118,-0.0023,-0.0018,0.0006,-0.011699999999999999,0.0001,0.0149,0.005536,0.010779,-0.0021479999999999997
2004-06,0.018500000000000003,0.0225,0.0121,0.0008,0.011200000000000002,-0.0031,0.0206,-0.002711,0.00569,0.0061470000000000006
2004-07,-0.0404,-0.0375,0.0322,0.001,0.0526,-0.016399999999999998,-0.022400000000000003,-0.010111000000000002,0.024167,0.030621
2004-08,0.0007000000000000001,-0.0151,0.010700000000000001,0.0011,0.0124,-0.013500000000000002,-0.015600000000000001,-0.011569000000000001,-0.011833,0.002656
2004-09,0.016,0.029900000000000003,-0.0005,0.0011,-0.015,-0.0171,0.055,-0.022222,-0.002324,-0.015885
2004-10,0.014199999999999999,0.0014000000000000002,-0.0026,0.0011,-0.0054,0.0038,-0.0149,0.005653,-0.014276,-0.000264
2004-11,0.0453,0.0373,0.015700000000000002,0.0015,-0.0052,-0.0019,0.0311,-0.004283,-0.011411,-0.017034
2004-12,0.0342,-0.0004,-0.0022,0.0016,-0.0111,0.004,-0.0285,0.003105,-0.008656,-0.011137
2005-01,-0.0275,-0.0169,0.021,0.0016,0.0282,-0.0138,0.031200000000000002,-0.004076,0.032402,0.01286
2005-02,0.018799999999999997,-0.0059,0.0144,0.0016,0.013600000000000001,-0.0017000000000000001,0.034300000000000004,0.003049,0.035996,0.006441
2005-03,-0.0194,-0.014199999999999999,0.0208,0.0021,0.0046,0.0134,0.0043,0.008315,0.0050160000000000005,0.018938999999999998
2005-04,-0.026099999999999998,-0.0395,0.0009,0.0021,0.0103,-0.0079,-0.006999999999999999,-0.014705999999999999,-0.011183,0.021657000000000003
2005-05,0.0365,0.0287,-0.0060999999999999995,0.0024,-0.0104,0.0026,0.0037,-0.000538,0.009701,0.003479
2005-06,0.0058,0.0252,0.0286,0.0023,0.009000000000000001,-0.0045000000000000005,0.0208,-0.001946,-0.0042959999999999995,-0.004079999999999999
2005-07,0.0392,0.0287,-0.0078000000000000005,0.0024,-0.011899999999999999,-0.0079,0.0005,-0.020809,-0.002117,-0.00368
2005-08,-0.012,-0.010700000000000001,0.0134,0.003,-0.0196,0.0038,0.020499999999999997,0.002254,-0.0065639999999999995,-0.0061270000000000005
2005-09,0.0048,-0.0062,0.0078000000000000005,0.0029,0.0026,-0.0060999999999999995,0.0346,-0.00031800000000000003,0.008692,0.0021609999999999997
2005-10,-0.0204,-0.013000000000000001,0.0043,0.0027,-0.006999999999999999,-0.0126,-0.0127,-0.003089,0.011008,-0.005476999999999999
2005-11,0.0361,0.0105,-0.011899999999999999,0.0031,-0.0079,-0.0109,0.0029,-0.010548,0.007887,-0.005496
2005-12,-0.0024,-0.0044,0.0015,0.0032,0.0018,0.002,0.008,0.008829,0.002308,0.009393
2006-01,0.030299999999999997,0.0546,0.009899999999999999,0.0034999999999999996,-0.0066,-0.0034999999999999996,0.0253,-0.006811,-0.0025269999999999997,0.008046
2006-02,-0.003,-0.0040999999999999995,-0.0031,0.0034000000000000002,-0.0054,0.019799999999999998,-0.0182,0.024387,-0.009883,-0.010234
2006-03,0.0147,0.0339,0.0060999999999999995,0.0037,0.0003,-0.0044,0.0127,-0.013482000000000001,0.007903,-0.008279
2006-04,0.0073,-0.0138,0.0226,0.0036,0.0174,-0.0013,0.0060999999999999995,0.003481,0.008310999999999999,-0.001268
2006-05,-0.0356,-0.0301,0.023799999999999998,0.0043,0.0087,0.015300000000000001,-0.036699999999999997,0.013261,-0.00098,-0.016218999999999997
2006-06,-0.0034999999999999996,-0.0034999999999999996,0.0085,0.004,0.0132,-0.0013,0.0155,-0.004073,0.010618,0.006089
2006-07,-0.0077,-0.039599999999999996,0.0262,0.004,0.016200000000000003,0.0084,-0.020499999999999997,0.013465,0.005434,0.03211
2006-08,0.0203,0.009899999999999999,-0.0195,0.0042,-0.0181,0.021,-0.0337,0.01929,-0.013338000000000001,-0.001542
2006-09,0.0184,-0.013000000000000001,0.0007000000000000001,0.0040999999999999995,0.0078000000000000005,0.0046,-0.0098,0.009834,0.006329,0.00953
2006-10,0.0322,0.0177,-0.0033,0.0040999999999999995,-0.0012,0.0032,-0.0024,0.002054,-0.0030280000000000003,0.004098
2006-11,0.017,0.0063,0.0003,0.0042,0.002,-0.008100000000000001,-0.0101,-0.015981000000000002,0.005057000000000001,-0.008995
2006-12,0.0085,-0.0116,0.0275,0.004,-0.006500000000000001,0.018799999999999997,0.0079,0.018274,-0.005631000000000001,-0.012415
2007-01,0.0138,0.0009,-0.0068000000000000005,0.0044,0.0019,0.0036,0.0025,0.006237,0.000536,0.001048
2007-02,-0.0196,0.0123,-0.0009,0.0038,-0.0052,-0.0064,-0.0131,-0.009771,-0.007300999999999999,-0.000579
2007-03,0.0070999999999999995,0.0009,-0.0089,0.0043,0.0055000000000000005,-0.0067,0.0259,-0.011848000000000001,0.004399,-0.002698
2007-04,0.0349,-0.022099999999999998,-0.0144,0.0044,0.0118,0.0101,-0.0021,0.008532999999999999,0.005383,0.011217
2007-05,0.0323,0.0016,-0.0058,0.0040999999999999995,0.0147,-0.0124,-0.0034000000000000002,-0.023148,0.0052580000000000005,0.0014000000000000002
2007-06,-0.0196,0.0072,-0.0104,0.004,0.0049,0.0006,0.004699999999999999,0.009553,0.012146999999999998,-0.006083
2007-07,-0.037200000000000004,-0.0269,-0.0371,0.004,0.0027,-0.0116,0.0294,-0.022527,0.01543,0.000519
2007-08,0.009399999999999999,-0.0013,-0.0189,0.0042,-0.0126,-0.005699999999999999,-0.0002,-0.013186,0.009308,0.004928
2007-09,0.0322,-0.022799999999999997,-0.0213,0.0032,-0.0049,-0.029500000000000002,0.0444,-0.031964,0.016171,-0.004698
2007-10,0.0179,0.0014000000000000002,-0.0282,0.0032,-0.0032,0.0006,0.049800000000000004,0.004416,0.012068,0.003707
2007-11,-0.048,-0.0281,-0.0109,0.0034000000000000002,0.0176,-0.0036,0.0109,0.0017399999999999998,0.035988,0.01425
2007-12,-0.0087,0.0012,-0.0048,0.0027,0.0089,-0.010700000000000001,0.06570000000000001,-0.006079,0.023188,0.010562
2008-01,-0.0633,-0.0096,0.04019999999999999,0.0021,0.021,0.0207,-0.07780000000000001,0.013925,-0.003337,-0.008157
2008-02,-0.030899999999999997,-0.0046,-0.0070999999999999995,0.0013,0.010700000000000001,-0.0098,0.0613,-0.015122,0.018133999999999997,0.013718
2008-03,-0.009399999999999999,0.0077,0.0034000000000000002,0.0017000000000000001,0.0087,0.004699999999999999,0.0425,-0.0035670000000000003,0.023746,-0.0005369999999999999
2008-04,0.0461,-0.0174,-0.009899999999999999,0.0018,0.0184,-0.025699999999999997,-0.0031,-0.0232,-0.008155,0.033854999999999996
2008-05,0.0187,0.029300000000000003,-0.015700000000000002,0.0018,0.009399999999999999,0.0014000000000000002,0.0338,-0.003443,-0.003495,0.000259
2008-06,-0.0843,0.0116,-0.024900000000000002,0.0017000000000000001,0.049699999999999994,-0.0069,0.1273,-0.001897,0.063747,0.010481
2008-07,-0.0075,0.026099999999999998,0.0521,0.0015,-0.013999999999999999,0.009899999999999999,-0.050199999999999995,0.018017000000000002,-0.000194,-0.000446
2008-08,0.015300000000000001,0.0339,0.0151,0.0013,0.0182,0.0067,-0.045,0.009439999999999999,-0.009260000000000001,0.020571000000000002
2008-09,-0.0935,-0.0106,0.0565,0.0015,0.0223,0.0172,0.0078000000000000005,0.031593,0.016436,0.034547
2008-10,-0.172,-0.0229,-0.0192,0.0008,0.0273,0.0146,0.0784,0.010333000000000002,0.058735,0.067408
2008-11,-0.0774,-0.029900000000000003,-0.0621,0.0003,0.04650000000000001,0.024399999999999998,0.0726,0.005041,0.035068999999999996,0.022239
2008-12,0.0177,0.0349,0.0002,0.0,0.0011,-0.015600000000000001,-0.0508,-0.023426999999999996,-0.006264,-0.008097
2009-01,-0.0809,-0.0001,-0.1101,0.0,0.0032,-0.0124,-0.0216,-0.009322,-0.007328,0.024973000000000002
2009-02,-0.1014,0.0014000000000000002,-0.0659,0.0001,0.0105,-0.006,0.0434,-0.018787,0.029446,0.030636
2009-03,0.0901,-0.0009,0.0347,0.0002,-0.025699999999999997,-0.0204,-0.11800000000000001,-0.003946,-0.033995000000000004,0.00091
2009-04,0.1017,0.0537,0.0537,0.0001,0.0132,0.0033,-0.3436,0.035266,-0.13983299999999999,-0.018809
2009-05,0.0521,-0.0242,0.0043,0.0,-0.009399999999999999,-0.02,-0.12539999999999998,-0.024092,-0.032899,-0.005783
2009-06,0.0042,0.0259,-0.0278,0.0001,-0.0139,-0.0036,0.054000000000000006,0.0048720000000000005,0.009554,0.025944
2009-07,0.0774,0.0175,0.0489,0.0001,-0.0026,0.0308,-0.056100000000000004,0.020169000000000003,-0.049523000000000005,-0.010481
2009-08,0.0333,-0.011200000000000002,0.076,0.0001,-0.0285,0.032799999999999996,-0.0911,0.022928,-0.025825,-0.015543
2009-09,0.0408,0.024300000000000002,0.0115,0.0001,0.0115,0.0034000000000000002,-0.0483,-0.011342000000000001,-0.027943,-0.026386
2009-10,-0.0253,-0.0426,-0.0417,0.0,0.042199999999999994,-0.0148,0.0258,-0.00254,0.039348,0.030257999999999997
2009-11,0.056299999999999996,-0.025,-0.0033,0.0,0.009000000000000001,0.0,0.0039000000000000003,-0.00335,0.010155,-0.003222
2009-12,0.027999999999999997,0.0601,-0.0011,0.0001,0.0070999999999999995,-0.0006,0.0297,-0.001364,-0.018535,-0.0014299999999999998
2010-01,-0.0335,0.0043,0.0033,0.0,-0.0108,0.005,-0.053099999999999994,0.006664,-0.01069,-0.0068330000000000005
2010-02,0.0339,0.0118,0.0318,0.0,-0.0029,0.014199999999999999,0.037000000000000005,0.007017,-0.010388,-0.005149
2010-03,0.063,0.0146,0.0219,0.0001,-0.0060999999999999995,0.0174,0.0358,0.01621,-0.005094,-0.016972
2010-04,0.0199,0.0484,0.0296,0.0001,0.0060999999999999995,0.0174,0.0319,0.030635,-0.024868,-0.023502000000000002
2010-05,-0.079,0.0013,-0.0248,0.0001,0.013000000000000001,-0.0023,-0.0018,-0.0047870000000000005,0.02734,0.017442
2010-06,-0.0556,-0.0179,-0.0473,0.0001,-0.001,-0.0158,-0.027000000000000003,-0.024950999999999997,0.013455,0.019131
2010-07,0.0692,0.0023,-0.0049,0.0001,0.0016,0.0204,0.0177,0.012142,-0.008665,0.0037430000000000002
2010-08,-0.0478,-0.0301,-0.0173,0.0001,0.006,-0.016,-0.0006,-0.01727,-0.005111,-0.007084
2010-09,0.0955,0.0382,-0.0302,0.0001,-0.0019,0.0038,0.013500000000000002,0.011407,0.005091,0.0007149999999999999
2010-10,0.0387,0.0108,-0.0246,0.0001,0.0128,-0.0038,0.015,-0.000226,0.006475999999999999,0.004599
2010-11,0.0059,0.036699999999999997,-0.009000000000000001,0.0001,0.0032,0.0179,0.0271,0.018654,-0.000799,-0.006123
2010-12,0.0682,0.0072,0.0356,0.0001,-0.0342,0.0317,-0.03,0.030154999999999998,-0.036809,-0.022407
2011-01,0.019799999999999998,-0.0229,0.0060999999999999995,0.0001,-0.0064,0.008100000000000001,-0.003,0.012924,0.005305,-0.013149
2011-02,0.0348,0.015,0.0118,0.0001,-0.0183,0.0084,0.0189,0.014413,-0.016484000000000002,-0.008414
2011-03,0.0045000000000000005,0.024900000000000002,-0.0184,0.0001,0.0173,-0.0007000000000000001,0.0342,-0.001316,-0.009562000000000001,0.002928
2011-04,0.028999999999999998,-0.0042,-0.024399999999999998,0.0,0.011200000000000002,-0.0086,0.0006,-0.00981,0.015918,0.011200000000000002
2011-05,-0.0127,-0.0073,-0.018500000000000003,0.0,0.0192,-0.0143,-0.0058,-0.010355000000000001,0.001321,0.013839999999999998
2011-06,-0.0174,-0.0027,-0.002,0.0,0.0227,-0.014199999999999999,0.0182,-0.011500999999999999,0.028144999999999996,0.009997
2011-07,-0.0235,-0.0118,-0.009000000000000001,0.0,0.0269,-0.0173,0.0017000000000000001,-0.020426000000000003,0.0074860000000000005,0.00657
2011-08,-0.0596,-0.0296,-0.024300000000000002,0.0001,0.0341,-0.0027,-0.0026,-0.013165,0.025924,0.027252000000000002
2011-09,-0.0758,-0.031200000000000002,-0.015300000000000001,0.0,0.0199,0.0015,-0.0236,0.0008119999999999999,-0.0076300000000000005,0.04902
2011-10,0.1133,0.0305,0.0006,0.0,-0.0225,-0.0072,-0.014499999999999999,-0.0058460000000000005,0.021393,-0.017174000000000002
2011-11,-0.0027,-0.0018,-0.0052,0.0,0.0194,0.0144,0.0385,0.015275,0.005822000000000001,0.011519999999999999
2011-12,0.0075,-0.005600000000000001,0.0154,0.0,0.0106,0.024700000000000003,0.0183,0.026642000000000002,0.011418999999999999,-0.0053549999999999995
2012-01,0.050499999999999996,0.020099999999999996,-0.009300000000000001,0.0,-0.0206,-0.0148,-0.0801,-0.005736,-0.006327,-0.013125
2012-02,0.044199999999999996,-0.0184,0.0042,0.0,-0.0036,-0.0007000000000000001,-0.0026,0.000767,0.0029230000000000003,0.000185
2012-03,0.031200000000000002,-0.0063,0.011899999999999999,0.0,-0.0060999999999999995,0.0069,0.0132,0.014295,0.016839,0.017561
2012-04,-0.0085,-0.0037,-0.0077,0.0,0.013000000000000001,0.006500000000000001,0.0378,0.008642,0.010126,-0.00388
2012-05,-0.0617,0.0012,-0.0095,0.0001,0.0203,0.0235,0.0645,0.026815000000000002,0.016065,0.023606
2012-06,0.038900000000000004,0.0072,0.0055000000000000005,0.0,-0.0106,0.0044,-0.0111,0.010249,-0.01765,0.0035809999999999995
2012-07,0.0079,-0.0276,-0.0006,0.0,0.0103,0.0001,0.03,0.005076000000000001,0.015192,0.009703
2012-08,0.0254,0.0048,0.0125,0.0001,-0.015,-0.0085,-0.023399999999999997,-0.014677,-0.005059,-0.004105
2012-09,0.0273,0.0045000000000000005,0.0163,0.0001,-0.013000000000000001,0.015700000000000002,-0.011399999999999999,0.012058,0.001968,-0.007145
2012-10,-0.0176,-0.011000000000000001,0.0352,0.0001,-0.013999999999999999,0.0252,0.0007000000000000001,0.018518,0.004685,-0.037290000000000004
2012-11,0.0078000000000000005,0.006,-0.0087,0.0001,0.0038,0.008100000000000001,0.0053,0.008024,0.017299,0.001913
2012-12,0.0118,0.0149,0.0352,0.0001,-0.0172,0.008,-0.029300000000000003,-0.008475,-0.019772,-0.026264
2013-01,0.0557,0.0028000000000000004,0.0101,0.0,-0.020099999999999996,0.0152,-0.0177,0.01562,-0.020306,-0.016658
2013-02,0.0128,-0.0029,0.0018,0.0,-0.0059,0.006,0.0124,0.007311,0.000655,0.004425
2013-03,0.0404,0.0083,-0.0021,0.0,0.0027,0.0141,0.0191,0.012990999999999999,0.004994,-0.011528
2013-04,0.015600000000000001,-0.023700000000000002,0.0046,0.0,0.0039000000000000003,0.0042,0.0019,0.001005,-0.010526,-0.002369
2013-05,0.027999999999999997,0.0167,0.0271,0.0,-0.02,-0.009399999999999999,-0.020099999999999996,-0.016782,-0.004406,-0.014146
2013-06,-0.012,0.0131,-0.0004,0.0,-0.0028000000000000004,-0.0006,0.0058,0.007130999999999999,-0.001158,0.005731000000000001
2013-07,0.0565,0.0182,0.005699999999999999,0.0,-0.0134,0.0058,0.0175,0.006409000000000001,-0.004689,-0.011249
2013-08,-0.0271,0.0032,-0.0273,0.0,0.0070999999999999995,-0.0217,0.0005,-0.017919,0.00575,0.001671
2013-09,0.0377,0.028900000000000002,-0.0118,0.0,-0.0054,-0.0132,0.0304,-0.007387,-0.009721,-0.010150999999999999
2013-10,0.0417,-0.015600000000000001,0.012199999999999999,0.0,0.0275,0.0089,0.0007000000000000001,0.011647000000000001,0.013375,0.007878
2013-11,0.0311,0.0131,0.0019,0.0,0.0026,0.0006,0.0036,0.00010999999999999999,0.015528,0.0125
2013-12,0.0281,-0.0044,0.0,0.0,-0.0058,0.0008,0.0002,0.007419,-0.001729,-0.017694
2014-01,-0.0332,0.009300000000000001,-0.0199,0.0,-0.0391,-0.0154,0.016399999999999998,-0.002922,-0.023105,0.003515
2014-02,0.0466,0.0036,-0.0034999999999999996,0.0,-0.0025,-0.0054,0.0216,-0.006281999999999999,-0.014705,0.000213
2014-03,0.0043,-0.018600000000000002,0.049,0.0,0.0202,0.0192,-0.0327,0.026875,0.017851,0.015695
2014-04,-0.0018,-0.0418,0.012199999999999999,0.0,0.034,0.009300000000000001,-0.038900000000000004,0.008015,0.01075,0.006639000000000001
2014-05,0.020499999999999997,-0.018500000000000003,-0.001,0.0,-0.0009,-0.0096,0.0088,-0.009399,-0.0065569999999999995,0.0039429999999999995
2014-06,0.026000000000000002,0.0305,-0.0070999999999999995,0.0,-0.0183,-0.0191,0.006500000000000001,-0.027131,-0.026673,0.001548
2014-07,-0.0203,-0.0417,-0.0008,0.0,0.009399999999999999,0.0051,-0.002,0.006943,0.012148,0.011853
2014-08,0.0424,0.004,-0.0058,0.0,-0.0064,-0.0069,0.0084,-0.009097,0.001245,0.002346
2014-09,-0.0196,-0.036000000000000004,-0.0147,0.0,0.012,-0.0059,0.0064,-0.0032129999999999997,0.030706999999999998,0.021842
2014-10,0.025099999999999997,0.04019999999999999,-0.0167,0.0,-0.0039000000000000003,0.0021,-0.0027,0.004868,0.017362,-0.001437
2014-11,0.0256,-0.020499999999999997,-0.0313,0.0,0.015700000000000002,0.0014000000000000002,0.0069,0.0031409999999999997,0.025639,0.004458
2014-12,-0.0005,0.0252,0.021099999999999997,0.0,-0.0121,0.009000000000000001,0.0105,0.004588,-0.006427,0.00379
2015-01,-0.031,-0.0060999999999999995,-0.0348,0.0,0.0158,-0.016399999999999998,0.037200000000000004,-0.011000000000000001,-0.003418,0.014058999999999999
2015-02,0.0613,0.0064,-0.0175,0.0,-0.011000000000000001,-0.0175,-0.0287,-0.013911,0.00089,-0.009053
2015-03,-0.0111,0.030600000000000002,-0.0038,0.0,0.0007000000000000001,-0.0062,0.027200000000000002,-0.003041,0.0088,-0.00020299999999999997
2015-04,0.0059,-0.0298,0.0181,0.0,0.0005,-0.0062,-0.0726,-0.007936,-0.022153,-0.0021290000000000002
2015-05,0.0137,0.0096,-0.011000000000000001,0.0,-0.0175,-0.0083,0.0576,-0.005991,0.014149,0.003114
2015-06,-0.0152,0.029500000000000002,-0.008,0.0,0.0034999999999999996,-0.0154,0.0301,-0.024312,0.011837,-0.00615
2015-07,0.015700000000000002,-0.0417,-0.0416,0.0,0.0031,-0.0245,0.10039999999999999,-0.02722,0.043656,0.026469999999999997
2015-08,-0.0602,0.0037,0.0275,0.0,0.0066,0.0128,-0.0215,0.011498,0.00743,0.002363
2015-09,-0.030600000000000002,-0.0263,0.0055000000000000005,0.0,0.018000000000000002,-0.0058,0.0526,0.003107,0.042819,0.035044
2015-10,0.0775,-0.0191,-0.0046,0.0,0.0095,0.0062,-0.0329,0.006122,-0.023532,0.009711
2015-11,0.005699999999999999,0.0358,-0.0043,0.0,-0.0265,-0.011000000000000001,0.023,-0.00547,-0.017052,0.005117
2015-12,-0.0215,-0.027999999999999997,-0.025699999999999997,0.0001,0.0034000000000000002,0.0013,0.0333,0.003216,0.029512,0.033613
2016-01,-0.0574,-0.034,0.0208,0.0001,0.0278,0.0305,0.0148,0.027798,0.053173000000000005,0.047377
2016-02,-0.0006,0.0073,-0.0060999999999999995,0.0002,0.033,0.0197,-0.0436,0.017331,0.020394000000000002,-0.0008649999999999999
2016-03,0.0695,0.0075,0.0123,0.0002,0.0068000000000000005,0.0006,-0.0504,-0.00685,-0.021124999999999998,-0.027357999999999997
2016-04,0.0092,0.0077,0.0322,0.0001,-0.0285,0.0174,-0.0599,0.012912999999999999,-0.072343,-0.051863
2016-05,0.0178,-0.0018,-0.016200000000000003,0.0001,-0.011000000000000001,-0.0254,0.0139,-0.022822,0.009138,0.022509
2016-06,-0.0003,0.006,-0.0149,0.0002,0.014499999999999999,0.019,0.0414,0.005442,0.0032719999999999997,-0.008225
2016-07,0.0394,0.024700000000000003,-0.0127,0.0002,0.0134,-0.0118,-0.0338,-0.022025000000000003,-0.005305,0.02258
2016-08,0.0049,0.011899999999999999,0.0317,0.0002,-0.0184,-0.0039000000000000003,-0.0346,-0.002328,-0.023916,-0.0037080000000000004
2016-09,0.0027,0.0209,-0.012199999999999999,0.0002,-0.0222,0.0002,0.0023,0.00209,-0.030778,-0.009244
2016-10,-0.020099999999999996,-0.0441,0.040999999999999995,0.0002,0.0096,0.0028000000000000004,0.0062,0.008709,0.030128,0.020365
2016-11,0.048600000000000004,0.055999999999999994,0.0832,0.0001,-0.0017000000000000001,0.037000000000000005,-0.047400000000000005,0.030098,-0.009448999999999999,-0.025093999999999998
2016-12,0.0181,0.0013,0.035,0.0003,0.0126,-0.0032,-0.0026,-0.0024660000000000003,0.015349999999999999,0.011413
2017-01,0.0194,-0.0116,-0.0274,0.0004,-0.005,-0.010700000000000001,-0.0092,-0.020259999999999997,-0.013121,-0.001008
2017-02,0.0355,-0.0213,-0.0152,0.0004,0.0042,-0.0181,-0.015300000000000001,-0.022468,0.020017999999999998,0.02327
2017-03,0.0017000000000000001,0.0113,-0.0333,0.0003,0.0064,-0.0096,-0.0096,-0.012915000000000001,0.019012,0.011528
2017-04,0.0108,0.0068000000000000005,-0.0208,0.0005,0.0178,-0.0161,0.0051,-0.015679000000000002,0.010143,0.016392
2017-05,0.010700000000000001,-0.025099999999999997,-0.0382,0.0006,0.009899999999999999,-0.0167,0.0149,-0.015601,0.013177000000000001,0.026326000000000002
2017-06,0.0079,0.0222,0.0151,0.0006,-0.0227,0.0001,-0.0011,-0.005385999999999999,-0.013087999999999999,-0.018833
2017-07,0.018799999999999997,-0.014499999999999999,-0.0023,0.0007000000000000001,-0.0075,-0.0015,0.016399999999999998,-0.0042780000000000006,0.015346,0.010318
2017-08,0.0018,-0.0167,-0.0213,0.0009,0.002,-0.023799999999999998,0.0336,-0.028818999999999997,0.00394,0.015164
2017-09,0.024900000000000002,0.044500000000000005,0.0315,0.0009,-0.0154,0.016399999999999998,-0.0134,0.031463,0.004301,-0.017488
2017-10,0.0226,-0.019299999999999998,0.0013,0.0009,0.0092,-0.031400000000000004,0.0424,-0.033014999999999996,0.013861000000000002,0.028913
2017-11,0.031200000000000002,-0.006,-0.0009,0.0008,0.0319,-0.001,-0.0091,-0.004912000000000001,0.018802,0.012171000000000001
2017-12,0.0106,-0.0132,0.0005,0.0009,0.0073,0.0179,-0.015700000000000002,0.017444,0.0034599999999999995,-0.010877
2018-01,0.0558,-0.0316,-0.0132,0.0011,-0.0075,-0.0105,0.0406,-0.012910999999999999,-0.012948999999999999,0.026156000000000002
2018-02,-0.0364,0.0027,-0.011000000000000001,0.0011,0.0053,-0.0236,0.036000000000000004,-0.016993,-0.007819,0.044924
2018-03,-0.0235,0.0405,-0.0021,0.0012,-0.0042,0.0008,-0.0121,-0.001096,0.0015040000000000001,0.005294999999999999
2018-04,0.0027,0.0109,0.0053,0.0014000000000000002,-0.0241,0.0124,0.0045000000000000005,0.015875999999999998,-0.000186,-0.008307
2018-05,0.026600000000000002,0.0524,-0.031400000000000004,0.0014000000000000002,-0.019799999999999998,-0.0149,0.0391,-0.009549,-0.017658,0.022965
2018-06,0.0049,0.0111,-0.0233,0.0014000000000000002,0.0083,0.002,-0.0229,-0.00394,0.014006000000000001,0.000476
2018-07,0.032,-0.0222,0.004699999999999999,0.0016,0.0154,0.0032,-0.0143,0.005141,0.020191,0.013389999999999999
2018-08,0.0345,0.011699999999999999,-0.0393,0.0016,-0.0034000000000000002,-0.0254,0.0533,-0.024125999999999998,0.003745,0.043544
2018-09,0.0006,-0.0229,-0.0168,0.0015,0.0064,0.0137,-0.001,0.014603999999999999,0.007209,0.010511999999999999
2018-10,-0.0765,-0.0467,0.034300000000000004,0.0019,0.009399999999999999,0.0356,-0.02,0.042336,0.013399000000000001,-0.007582
2018-11,0.0171,-0.0072,0.0034000000000000002,0.0018,-0.0062,0.0039000000000000003,-0.014199999999999999,-0.008959,0.006434,0.027452
2018-12,-0.0955,-0.0233,-0.018799999999999997,0.0019,-0.0004,0.0022,0.0175,-0.008531,0.012755,0.024975999999999998
2019-01,0.0837,0.0273,-0.004,0.0021,-0.0067,-0.0161,-0.0864,-0.010742,-0.038892,-0.070838
2019-02,0.0342,0.020499999999999997,-0.026600000000000002,0.0018,0.0015,-0.015,0.0076,-0.026768,0.00599,0.014067000000000001
2019-03,0.011000000000000001,-0.030600000000000002,-0.0416,0.0019,0.009399999999999999,-0.0091,0.0227,-0.005084,0.001211,0.006604
2019-04,0.0397,-0.0169,0.0213,0.0021,0.015700000000000002,-0.0219,-0.0291,-0.025036,0.019577,0.011019000000000001
2019-05,-0.0692,-0.012199999999999999,-0.0236,0.0021,-0.0051,0.0175,0.0756,0.015064,0.006416,0.001153
2019-06,0.0699,0.001,-0.0072,0.0018,0.0049,-0.0051,-0.0226,-0.0028160000000000004,-0.001366,-0.002372
2019-07,0.0123,-0.0196,0.005,0.0019,-0.0013,0.0037,0.029300000000000003,0.00182,0.005269,0.012383
2019-08,-0.0255,-0.0239,-0.04769999999999999,0.0016,0.0053,-0.0062,0.0747,-0.010153,0.018743,0.014681
2019-09,0.0141,-0.0097,0.0676,0.0018,0.0182,0.0338,-0.0674,0.029508,0.017227,-0.016981
2019-10,0.0207,0.0027,-0.0192,0.0015,0.0043,-0.0103,0.0013,-0.006285,0.008466,0.018732
2019-11,0.0387,0.0072,-0.02,0.0012,-0.016399999999999998,-0.011399999999999999,-0.026099999999999998,-0.010230999999999999,-0.013005,-0.005181
2019-12,0.0277,0.0076,0.0173,0.0014000000000000002,0.0005,0.011899999999999999,-0.022400000000000003,0.017712000000000002,-0.012537,-0.004901
2020-01,-0.0011,-0.031,-0.0622,0.0013,-0.011899999999999999,-0.0219,0.0602,-0.024243999999999998,-0.004259,0.023500999999999998
2020-02,-0.0815,0.0108,-0.0382,0.0012,-0.0143,-0.0253,-0.0025,-0.021636000000000002,-0.005023,0.014400999999999999
2020-03,-0.13369999999999999,-0.046900000000000004,-0.1383,0.0012,-0.0161,0.011899999999999999,0.08199999999999999,0.020838000000000002,0.058312,0.119175
2020-04,0.136,0.025,-0.0134,0.0,0.0276,-0.0102,-0.056100000000000004,-0.0017380000000000002,-0.019531,-0.030463
2020-05,0.0557,0.024,-0.05,0.0001,0.0096,-0.0316,0.0015,-0.036767,-0.005816,0.006448000000000001
2020-06,0.0245,0.026699999999999998,-0.0217,0.0001,0.0014000000000000002,0.0055000000000000005,-0.0087,0.0027069999999999998,0.011699,0.017451
2020-07,0.0583,-0.0235,-0.0144,0.0001,0.0038,0.0097,0.077,-0.014176,0.033778,0.014407000000000001
2020-08,0.0762,-0.002,-0.0302,0.0001,0.042699999999999995,-0.0151,0.0043,-0.029806,-0.006856,-0.016944999999999998
2020-09,-0.0364,0.0006,-0.027200000000000002,0.0001,-0.0138,-0.019299999999999998,0.0318,-0.025092,0.011397,0.008466
2020-10,-0.0208,0.0434,0.0425,0.0001,-0.0077,-0.005699999999999999,-0.031,-0.004265,-0.026802000000000003,0.00046899999999999996
2020-11,0.1245,0.0581,0.0209,0.0001,-0.0225,0.0128,-0.126,0.031691,-0.143262,-0.096919
2020-12,0.0463,0.0501,-0.0168,0.0001,-0.0197,-0.0006,-0.0226,-0.027275999999999998,-0.041740000000000006,-0.011736
2021-01,-0.0007000000000000001,0.07139999999999999,0.0322,0.0,-0.0365,0.049699999999999994,0.0434,0.065036,-0.019905,-0.067574
2021-02,0.0281,0.0202,0.07200000000000001,0.0,0.0033,-0.0199,-0.0799,-0.006104000000000001,-0.061529999999999994,-0.057687999999999996
2021-03,0.0317,-0.0233,0.0735,0.0,0.0635,0.0352,-0.061,0.046949,0.04437,-0.015
2021-04,0.0495,-0.0319,-0.0102,0.0,0.024300000000000002,-0.027200000000000002,0.012199999999999999,-0.033620000000000004,0.021942,0.021689
2021-05,0.003,-0.002,0.0704,0.0,0.023399999999999997,0.0301,0.005600000000000001,0.045304000000000004,0.023405999999999996,-0.016144000000000002
2021-06,0.0274,0.017,-0.0786,0.0,-0.021400000000000002,-0.009300000000000001,0.0207,-0.026373999999999998,-0.013496999999999999,0.034242
2021-07,0.0134,-0.0393,-0.018000000000000002,0.0,0.055,-0.0058,-0.0218,-0.015165999999999999,0.074709,0.053323
2021-08,0.0294,-0.0032,-0.0023,0.0,-0.0026,-0.0172,0.0263,-0.021042,0.011887000000000002,0.022895
2021-09,-0.044000000000000004,0.0066,0.0512,0.0,-0.0192,0.02,0.0143,0.03327,-0.017562,-0.047103
2021-10,0.0663,-0.0226,-0.0053,0.0,0.0171,-0.0154,0.0331,-0.022662,0.032578,0.03231
2021-11,-0.0158,-0.0131,-0.0037,0.0,0.0719,0.017,0.0096,-0.00469,0.08392899999999999,0.048777
2021-12,0.0323,-0.0163,0.0325,0.0001,0.048799999999999996,0.0429,-0.024,0.052511,0.038232,0.012053000000000001
2022-01,-0.0616,-0.0593,0.1286,0.0,0.0077,0.07730000000000001,-0.024300000000000002,0.104602,0.007812,-0.034369000000000004
2022-02,-0.022799999999999997,0.0216,0.030600000000000002,0.0,-0.0203,0.030299999999999997,0.016200000000000003,0.038214,-0.024135,-0.041752000000000004
2022-03,0.0308,-0.0155,-0.019,0.0,-0.015,0.0321,0.0292,0.033367,-0.0016409999999999999,-0.013869
2022-04,-0.0941,-0.013500000000000002,0.061799999999999994,0.0,0.0341,0.0592,0.049800000000000004,0.060929000000000004,0.046977000000000005,0.000599
2022-05,-0.0034000000000000002,-0.0184,0.08439999999999999,0.0003,0.0155,0.0395,0.0252,0.056528,0.010759000000000001,0.012827
2022-06,-0.084,0.0207,-0.06,0.0006,0.0176,-0.0458,0.0106,-0.056924,0.010166,0.014621
2022-07,0.09570000000000001,0.0286,-0.041299999999999996,0.0008,0.008,-0.06849999999999999,-0.0441,-0.055642,-0.020697999999999998,0.022604000000000003
2022-08,-0.0377,0.0141,0.0018,0.0019,-0.047400000000000005,0.0134,0.0189,0.027322000000000003,-0.027206,-0.035068
2022-09,-0.0934,-0.0076,0.0003,0.0019,-0.0134,-0.0076,0.0371,-0.002547,0.010869,0.015972
2022-10,0.0785,0.0001,0.0797,0.0023,0.032799999999999996,0.0642,0.0394,0.074552,0.054828,-0.009241000000000001
2022-11,0.04650000000000001,-0.035699999999999996,0.0148,0.0029,0.0629,0.0316,-0.0171,0.021192000000000003,0.024746,0.013792
2022-12,-0.0638,-0.0076,0.0134,0.0033,0.0034999999999999996,0.0429,0.049400000000000006,0.038887,-0.0049819999999999994,-0.004328
2023-01,0.0661,0.0501,-0.0394,0.0034999999999999996,-0.024399999999999998,-0.0441,-0.16210000000000002,-0.053913,-0.042654,-0.021697
2023-02,-0.025699999999999997,0.0105,-0.008,0.0034000000000000002,0.009899999999999999,-0.015,0.0052,-0.01349,0.029285000000000002,0.019001999999999998
2023-03,0.0248,-0.0548,-0.09050000000000001,0.0036,0.0227,-0.021,-0.023799999999999998,-0.031851,0.010722,0.06306600000000001
2023-04,0.0062,-0.0337,-0.0012,0.0034999999999999996,0.0241,0.0285,0.0175,0.030987,-0.010594,-0.006925
2023-05,0.0034000000000000002,0.016,-0.0779,0.0036,-0.0178,-0.0706,-0.0088,-0.069683,-0.012506,0.016186
2023-06,0.0646,0.0149,-0.0013,0.004,0.0231,-0.0155,-0.0271,-0.015614,0.045296,0.0039829999999999996
2023-07,0.0321,0.020499999999999997,0.0406,0.0045000000000000005,-0.0060999999999999995,0.005,-0.039900000000000005,-0.002213,-0.005071,-0.003536
2023-08,-0.0236,-0.0313,-0.0115,0.0045000000000000005,0.0333,-0.0222,0.039,-0.012456,0.050586,0.04872
2023-09,-0.052300000000000006,-0.025,0.015,0.0043,0.018600000000000002,-0.0086,0.0025,-0.004906,0.033822,0.027208
2023-10,-0.0315,-0.0387,0.0022,0.004699999999999999,0.0242,-0.0072,0.0169,-0.004551,0.056041,0.044688
2023-11,0.0888,-0.0011,0.0166,0.0044,-0.037200000000000004,-0.012199999999999999,0.0259,-0.023506,-0.036071,-0.026794
2023-12,0.048499999999999995,0.06280000000000001,0.0487,0.0043,-0.0296,0.011899999999999999,-0.055,-0.004524,-0.033056,-0.042214999999999996
2024-01,0.0073,-0.0504,-0.023700000000000002,0.004699999999999999,0.0066,-0.0101,0.0546,0.004249,0.018642000000000002,0.036182
2024-02,0.0507,-0.0026,-0.034300000000000004,0.0042,-0.0202,-0.022799999999999997,0.0501,-0.019569,0.000993,-0.019101
2024-03,0.028399999999999998,-0.025,0.0416,0.0043,0.013300000000000001,0.0104,-0.0032,0.003516,0.010643,-0.019841
2024-04,-0.04650000000000001,-0.023799999999999998,-0.0045000000000000005,0.004699999999999999,0.0116,-0.0038,-0.0043,-0.009564,0.017918,0.016019000000000002
2024-05,0.0433,0.0053,-0.013300000000000001,0.0044,0.032,-0.0298,0.014499999999999999,-0.00962,0.042872,0.024352
2024-06,0.027999999999999997,-0.03,-0.0336,0.0040999999999999995,0.0055000000000000005,-0.0169,0.0086,-0.006541,0.024326,0.047550999999999996
2024-07,0.012199999999999999,0.0681,0.0557,0.0045000000000000005,0.0026,0.0027,-0.0236,0.011444000000000001,3e-05,-0.032589
2024-08,0.016,-0.0349,-0.0113,0.0048,0.0075,0.0079,0.048600000000000004,0.004491,0.018799999999999997,0.008307
2024-09,0.0172,-0.0013,-0.0273,0.004,0.0019,-0.0025,-0.006,0.00033,0.007965,-0.032535
2024-10,-0.01,-0.0095,0.0091,0.0039000000000000003,-0.0149,0.0102,0.0298,-0.012211000000000001,-0.001682,-0.007349
2024-11,0.0649,0.0449,0.0038,0.004,-0.0227,-0.019299999999999998,0.008100000000000001,-0.050519999999999995,-0.016797,-0.024658000000000003
2024-12,-0.0317,-0.027000000000000003,-0.0297,0.0037,0.018799999999999997,-0.012,-0.003,-0.004257,-0.021078,0.048516000000000004
2025-01,0.027999999999999997,-0.02,0.0176,0.0037,-0.0235,-0.0322,0.0101,-0.030941,-0.042027,-0.02155
2025-02,-0.024399999999999998,-0.057699999999999994,0.0484,0.0033,0.010700000000000001,0.030899999999999997,-0.0086,0.031059,0.006716,-0.013867
2025-03,-0.0639,-0.027200000000000002,0.0287,0.0034000000000000002,0.0209,-0.0046,-0.0264,0.007883,0.020377999999999997,-0.008653
2025-04,-0.0084,-0.005699999999999999,-0.0329,0.0034999999999999996,-0.028300000000000002,-0.0259,0.0501,-0.048663,-0.010348999999999999,0.001739
2025-05,0.060599999999999994,0.0060999999999999995,-0.0281,0.0038,0.0129,0.0248,0.0225,0.00922,0.020331000000000002,0.031959
2025-06,0.048600000000000004,0.0070999999999999995,-0.0143,0.0034000000000000002,-0.0319,0.0138,-0.0265,0.00764,-0.02375,0.002765
2025-07,0.019799999999999998,0.003,-0.0134,0.0034000000000000002,-0.0025,-0.02,-0.009399999999999999,-0.021917,-0.00901,0.001469
2025-08,0.0184,0.038,0.0437,0.0038,-0.0069,0.0197,-0.0361,0.021889,0.000784,-0.031652
2025-09,0.0339,-0.0183,-0.0105,0.0033,-0.020099999999999996,-0.0227,0.0462,-0.029018000000000002,-0.030986,-0.016368
2025-10,0.0196,-0.005699999999999999,-0.0318,0.0037,-0.0525,-0.0407,0.0016,-0.042926,-0.051657,0.012599
2025-11,-0.0013,0.004,0.037599999999999995,0.003,0.0143,0.0064,-0.0172,0.031855,0.025381,0.007084
2025-12,-0.0036,-0.0104,0.024,0.0034000000000000002,0.0032,0.004,-0.024,0.007383999999999999,0.000127,0.0055769999999999995
2026-01,0.0103,0.0218,0.038,0.003,0.0189,0.0184,0.050300000000000004,,,
2026-02,-0.011699999999999999,0.0016,0.027999999999999997,0.0028000000000000004,0.0167,0.0504,0.0131,,,
2026-03,-0.0518,0.0044,0.0329,0.0029,-0.0203,-0.0012,0.015600000000000001,,,
2026-04,0.09949999999999999,0.0019,-0.0137,0.0029,-0.0415,-0.038,0.0951,,,
2026-05,0.049100000000000005,-0.0159,-0.0231,0.0031,-0.0816,-0.0146,0.0139,,,
2026-06,-0.010700000000000001,0.0339,0.0358,0.0029,-0.0507,0.0345,0.0462,,,
2026-07,-0.006,-0.0196,0.021099999999999997,0.0033,0.1105,0.023399999999999997,-0.1225,,,
